-- 공통분류코드
INSERT INTO COMTC_CMMN_CL_CODE(CL_CODE, CL_CODE_NM, CL_CODE_DC, USE_AT, FRST_REGIST_PNTTM, FRST_REGISTER_ID, LAST_UPDT_PNTTM, LAST_UPDUSR_ID) 
VALUES ('EFC', '전자정부 프레임워크 공통서비스', '전자정부 프레임워크 공통서비스', 'Y', sysdate(), 'SYSTEM', sysdate(), 'SYSTEM'); 

-- 공통코드
INSERT INTO COMTC_CMMN_CODE(CL_CODE, CODE_ID, CODE_ID_NM, CODE_ID_DC, USE_AT, FRST_REGIST_PNTTM, FRST_REGISTER_ID,LAST_UPDT_PNTTM, LAST_UPDUSR_ID) 
VALUES ('EFC', 'COM001', '등록구분', '게시판, 커뮤니티, 동호회 등록구분코드', 'Y', sysdate(), 'SYSTEM', sysdate(), 'SYSTEM');
INSERT INTO COMTC_CMMN_CODE(CL_CODE, CODE_ID, CODE_ID_NM, CODE_ID_DC, USE_AT, FRST_REGIST_PNTTM, FRST_REGISTER_ID,LAST_UPDT_PNTTM, LAST_UPDUSR_ID) 
VALUES ('EFC', 'COM002', '이력구분', '시스템이력등록구분', 'Y', sysdate(), 'SYSTEM', sysdate(), 'SYSTEM');
INSERT INTO COMTC_CMMN_CODE(CL_CODE, CODE_ID, CODE_ID_NM, CODE_ID_DC, USE_AT, FRST_REGIST_PNTTM, FRST_REGISTER_ID,LAST_UPDT_PNTTM, LAST_UPDUSR_ID) 
VALUES ('EFC', 'COM003', '업무구분', '업무구분코드', 'Y', sysdate(), 'SYSTEM', sysdate(), 'SYSTEM');
INSERT INTO COMTC_CMMN_CODE(CL_CODE, CODE_ID, CODE_ID_NM, CODE_ID_DC, USE_AT, FRST_REGIST_PNTTM, FRST_REGISTER_ID,LAST_UPDT_PNTTM, LAST_UPDUSR_ID) 
VALUES ('EFC', 'COM004', '게시판유형', '게시판유형구분코드', 'Y', sysdate(), 'SYSTEM', sysdate(), 'SYSTEM');
INSERT INTO COMTC_CMMN_CODE(CL_CODE, CODE_ID, CODE_ID_NM, CODE_ID_DC, USE_AT, FRST_REGIST_PNTTM, FRST_REGISTER_ID,LAST_UPDT_PNTTM, LAST_UPDUSR_ID) 
VALUES ('EFC', 'COM005', '템플릿유형', '템플릿유형구분코드', 'Y', sysdate(), 'SYSTEM', sysdate(), 'SYSTEM');
INSERT INTO COMTC_CMMN_CODE(CL_CODE, CODE_ID, CODE_ID_NM, CODE_ID_DC, USE_AT, FRST_REGIST_PNTTM, FRST_REGISTER_ID,LAST_UPDT_PNTTM, LAST_UPDUSR_ID) 
VALUES ('EFC', 'COM006', '승인유형', '동호회, 커뮤니티 승인 유형', 'Y', sysdate(), 'SYSTEM', sysdate(), 'SYSTEM');
INSERT INTO COMTC_CMMN_CODE(CL_CODE, CODE_ID, CODE_ID_NM, CODE_ID_DC, USE_AT, FRST_REGIST_PNTTM, FRST_REGISTER_ID,LAST_UPDT_PNTTM, LAST_UPDUSR_ID) 
VALUES ('EFC', 'COM007', '승인상태', '동호회, 커뮤니티 승인 상태', 'Y', sysdate(), 'SYSTEM', sysdate(), 'SYSTEM');
INSERT INTO COMTC_CMMN_CODE(CL_CODE, CODE_ID, CODE_ID_NM, CODE_ID_DC, USE_AT, FRST_REGIST_PNTTM, FRST_REGISTER_ID,LAST_UPDT_PNTTM, LAST_UPDUSR_ID) 
VALUES ('EFC', 'COM008', '처리상태', '송수신 요청의 처리상태', 'Y', sysdate(), 'SYSTEM', sysdate(), 'SYSTEM');
INSERT INTO COMTC_CMMN_CODE(CL_CODE, CODE_ID, CODE_ID_NM, CODE_ID_DC, USE_AT, FRST_REGIST_PNTTM, FRST_REGISTER_ID,LAST_UPDT_PNTTM, LAST_UPDUSR_ID) 
VALUES ('EFC', 'COM009', '게시판속성', '게시판 속성', 'Y', sysdate(), 'SYSTEM', sysdate(), 'SYSTEM');
INSERT INTO COMTC_CMMN_CODE(CL_CODE, CODE_ID, CODE_ID_NM, CODE_ID_DC, USE_AT, FRST_REGIST_PNTTM, FRST_REGISTER_ID,LAST_UPDT_PNTTM, LAST_UPDUSR_ID) 
VALUES ('EFC', 'COM010', '권한유형', '시스템을 사용하기 위한 권한 구분', 'Y', sysdate(), 'SYSTEM', sysdate(), 'SYSTEM');
INSERT INTO COMTC_CMMN_CODE(CL_CODE, CODE_ID, CODE_ID_NM, CODE_ID_DC, USE_AT, FRST_REGIST_PNTTM, FRST_REGISTER_ID,LAST_UPDT_PNTTM, LAST_UPDUSR_ID) 
VALUES ('EFC', 'COM011', '롤유형', '시스템의 기능을 사용하기 위한 롤 구분', 'Y', sysdate(), 'SYSTEM', sysdate(), 'SYSTEM');
INSERT INTO COMTC_CMMN_CODE(CL_CODE, CODE_ID, CODE_ID_NM, CODE_ID_DC, USE_AT, FRST_REGIST_PNTTM, FRST_REGISTER_ID,LAST_UPDT_PNTTM, LAST_UPDUSR_ID) 
VALUES ('EFC', 'COM012', '회원유형', '일반/기업/업무담당자를 구현하기 위한 사용자 구분', 'Y', sysdate(), 'SYSTEM', sysdate(), 'SYSTEM');
INSERT INTO COMTC_CMMN_CODE(CL_CODE, CODE_ID, CODE_ID_NM, CODE_ID_DC, USE_AT, FRST_REGIST_PNTTM, FRST_REGISTER_ID,LAST_UPDT_PNTTM, LAST_UPDUSR_ID) 
VALUES ('EFC', 'COM013', '회원상태', '회원 가입 신청/승인/삭제를 위한 상태 구분', 'Y', sysdate(), 'SYSTEM', sysdate(), 'SYSTEM');
INSERT INTO COMTC_CMMN_CODE(CL_CODE, CODE_ID, CODE_ID_NM, CODE_ID_DC, USE_AT, FRST_REGIST_PNTTM, FRST_REGISTER_ID,LAST_UPDT_PNTTM, LAST_UPDUSR_ID) 
VALUES ('EFC', 'COM014', '성별구분', '남녀 성별 구분', 'Y', sysdate(), 'SYSTEM', sysdate(), 'SYSTEM');
INSERT INTO COMTC_CMMN_CODE(CL_CODE, CODE_ID, CODE_ID_NM, CODE_ID_DC, USE_AT, FRST_REGIST_PNTTM, FRST_REGISTER_ID,LAST_UPDT_PNTTM, LAST_UPDUSR_ID) 
VALUES ('EFC', 'COM015', '인증방식유형', '주민등록번호 인증, Gpin 인증과 같은 사용자 인증 구분', 'Y', sysdate(), 'SYSTEM', sysdate(), 'SYSTEM');
INSERT INTO COMTC_CMMN_CODE(CL_CODE, CODE_ID, CODE_ID_NM, CODE_ID_DC, USE_AT, FRST_REGIST_PNTTM, FRST_REGISTER_ID,LAST_UPDT_PNTTM, LAST_UPDUSR_ID) 
VALUES ('EFC', 'COM016', '변경요청처리 상태', '프로그램 변경의 요청/처리 등의 변경요청 상태 구분', 'Y', sysdate(), 'SYSTEM', sysdate(), 'SYSTEM');
INSERT INTO COMTC_CMMN_CODE(CL_CODE, CODE_ID, CODE_ID_NM, CODE_ID_DC, USE_AT, FRST_REGIST_PNTTM, FRST_REGISTER_ID,LAST_UPDT_PNTTM, LAST_UPDUSR_ID) 
VALUES ('EFC', 'COM017', '휴일구분', '휴일의 구분', 'Y', sysdate(), 'SYSTEM', sysdate(), 'SYSTEM');
INSERT INTO COMTC_CMMN_CODE(CL_CODE, CODE_ID, CODE_ID_NM, CODE_ID_DC, USE_AT, FRST_REGIST_PNTTM, FRST_REGISTER_ID,LAST_UPDT_PNTTM, LAST_UPDUSR_ID) 
VALUES ('EFC', 'COM018', '질문유형', '질문유형 객관식/주관식 상태구분', 'Y', sysdate(), 'SYSTEM', sysdate(), 'SYSTEM');
INSERT INTO COMTC_CMMN_CODE(CL_CODE, CODE_ID, CODE_ID_NM, CODE_ID_DC, USE_AT, FRST_REGIST_PNTTM, FRST_REGISTER_ID,LAST_UPDT_PNTTM, LAST_UPDUSR_ID) 
VALUES ('EFC', 'COM019', '일정중요도', '일정중요도 낮음/보통/높음 상태구분', 'Y', sysdate(), 'SYSTEM', sysdate(), 'SYSTEM');
INSERT INTO COMTC_CMMN_CODE(CL_CODE, CODE_ID, CODE_ID_NM, CODE_ID_DC, USE_AT, FRST_REGIST_PNTTM, FRST_REGISTER_ID,LAST_UPDT_PNTTM, LAST_UPDUSR_ID) 
VALUES ('EFC', 'COM020', '일정구분', '일정구분 부서일지정보/일지정보 상태구분', 'Y', sysdate(), 'SYSTEM', sysdate(), 'SYSTEM');
INSERT INTO COMTC_CMMN_CODE(CL_CODE, CODE_ID, CODE_ID_NM, CODE_ID_DC, USE_AT, FRST_REGIST_PNTTM, FRST_REGISTER_ID,LAST_UPDT_PNTTM, LAST_UPDUSR_ID) 
VALUES ('EFC', 'COM021', '도움말구분', '도움말 설명 구분코드', 'Y', sysdate(), 'SYSTEM', sysdate(), 'SYSTEM');
INSERT INTO COMTC_CMMN_CODE(CL_CODE, CODE_ID, CODE_ID_NM, CODE_ID_DC, USE_AT, FRST_REGIST_PNTTM, FRST_REGISTER_ID,LAST_UPDT_PNTTM, LAST_UPDUSR_ID) 
VALUES ('EFC', 'COM022', '비밀번호 힌트', '비밀번호 힌트 구분코드', 'Y', sysdate(), 'SYSTEM', sysdate(), 'SYSTEM');
INSERT INTO COMTC_CMMN_CODE(CL_CODE, CODE_ID, CODE_ID_NM, CODE_ID_DC, USE_AT, FRST_REGIST_PNTTM, FRST_REGISTER_ID,LAST_UPDT_PNTTM, LAST_UPDUSR_ID) 
VALUES ('EFC', 'COM023', '사이트주제분류', '사이트주제분류 설명 구분코드', 'Y', sysdate(), 'SYSTEM', sysdate(), 'SYSTEM');
INSERT INTO COMTC_CMMN_CODE(CL_CODE, CODE_ID, CODE_ID_NM, CODE_ID_DC, USE_AT, FRST_REGIST_PNTTM, FRST_REGISTER_ID,LAST_UPDT_PNTTM, LAST_UPDUSR_ID) 
VALUES ('EFC', 'COM024', '발송결과구분', '발송메일 수신결과 구분 코드', 'Y', sysdate(), 'SYSTEM', sysdate(), 'SYSTEM');
INSERT INTO COMTC_CMMN_CODE(CL_CODE, CODE_ID, CODE_ID_NM, CODE_ID_DC, USE_AT, FRST_REGIST_PNTTM, FRST_REGISTER_ID,LAST_UPDT_PNTTM, LAST_UPDUSR_ID) 
VALUES ('EFC', 'COM025', '소속기관', '소속기관정보를 관리할때 사용하는 구분코드(시스템별로 재정의)', 'Y', sysdate(), 'SYSTEM', sysdate(), 'SYSTEM');
INSERT INTO COMTC_CMMN_CODE(CL_CODE, CODE_ID, CODE_ID_NM, CODE_ID_DC, USE_AT, FRST_REGIST_PNTTM, FRST_REGISTER_ID,LAST_UPDT_PNTTM, LAST_UPDUSR_ID) 
VALUES ('EFC', 'COM026', '기업구분', '기업구분정보를 관리할때 사용하는 구분코드(시스템별로 재정의)', 'Y', sysdate(), 'SYSTEM', sysdate(), 'SYSTEM');
INSERT INTO COMTC_CMMN_CODE(CL_CODE, CODE_ID, CODE_ID_NM, CODE_ID_DC, USE_AT, FRST_REGIST_PNTTM, FRST_REGISTER_ID,LAST_UPDT_PNTTM, LAST_UPDUSR_ID) 
VALUES ('EFC', 'COM027', '업종', '대표업종코드(시스템별로 재정의)', 'Y', sysdate(), 'SYSTEM', sysdate(), 'SYSTEM');
INSERT INTO COMTC_CMMN_CODE(CL_CODE, CODE_ID, CODE_ID_NM, CODE_ID_DC, USE_AT, FRST_REGIST_PNTTM, FRST_REGISTER_ID,LAST_UPDT_PNTTM, LAST_UPDUSR_ID) 
VALUES ('EFC', 'COM028', '질의응답처리상태', 'Q/A 처리상태코드', 'Y', sysdate(), 'SYSTEM', sysdate(), 'SYSTEM');
INSERT INTO COMTC_CMMN_CODE(CL_CODE, CODE_ID, CODE_ID_NM, CODE_ID_DC, USE_AT, FRST_REGIST_PNTTM, FRST_REGISTER_ID,LAST_UPDT_PNTTM, LAST_UPDUSR_ID) 
VALUES ('EFC', 'COM029', '롤유형코드', '', 'Y', sysdate(), 'SYSTEM', sysdate(), 'SYSTEM');
INSERT INTO COMTC_CMMN_CODE(CL_CODE, CODE_ID, CODE_ID_NM, CODE_ID_DC, USE_AT, FRST_REGIST_PNTTM, FRST_REGISTER_ID,LAST_UPDT_PNTTM, LAST_UPDUSR_ID) 
VALUES ('EFC', 'COM030', '일정구분', '일정구분 코드', 'Y', sysdate(), 'SYSTEM', sysdate(), 'SYSTEM');
INSERT INTO COMTC_CMMN_CODE(CL_CODE, CODE_ID, CODE_ID_NM, CODE_ID_DC, USE_AT, FRST_REGIST_PNTTM, FRST_REGISTER_ID,LAST_UPDT_PNTTM, LAST_UPDUSR_ID) 
VALUES ('EFC', 'COM031', '반복구분', '일정 반복구분 코드', 'Y', sysdate(), 'SYSTEM', sysdate(), 'SYSTEM');
INSERT INTO COMTC_CMMN_CODE(CL_CODE, CODE_ID, CODE_ID_NM, CODE_ID_DC, USE_AT, FRST_REGIST_PNTTM, FRST_REGISTER_ID,LAST_UPDT_PNTTM, LAST_UPDUSR_ID) 
VALUES ('EFC', 'COM032', '작업유형', '승인이력 작업유형', 'Y', sysdate(), 'SYSTEM', sysdate(), 'SYSTEM');
INSERT INTO COMTC_CMMN_CODE(CL_CODE, CODE_ID, CODE_ID_NM, CODE_ID_DC, USE_AT, FRST_REGIST_PNTTM, FRST_REGISTER_ID,LAST_UPDT_PNTTM, LAST_UPDUSR_ID) 
VALUES ('EFC', 'COM033', '시스템로그구분', '', 'Y', sysdate(), 'SYSTEM', sysdate(), 'SYSTEM');
INSERT INTO COMTC_CMMN_CODE(CL_CODE, CODE_ID, CODE_ID_NM, CODE_ID_DC, USE_AT, FRST_REGIST_PNTTM, FRST_REGISTER_ID,LAST_UPDT_PNTTM, LAST_UPDUSR_ID) 
VALUES ('EFC', 'COM034', '직업유형', '직업유형코드', 'Y', sysdate(), 'SYSTEM', sysdate(), 'SYSTEM');
INSERT INTO COMTC_CMMN_CODE(CL_CODE, CODE_ID, CODE_ID_NM, CODE_ID_DC, USE_AT, FRST_REGIST_PNTTM, FRST_REGISTER_ID,LAST_UPDT_PNTTM, LAST_UPDUSR_ID) 
VALUES ('EFC', 'COM035', '행사유형', '행사/이벤트/캠페인 구분', 'Y', sysdate(), 'SYSTEM', sysdate(), 'SYSTEM');
INSERT INTO COMTC_CMMN_CODE(CL_CODE, CODE_ID, CODE_ID_NM, CODE_ID_DC, USE_AT, FRST_REGIST_PNTTM, FRST_REGISTER_ID,LAST_UPDT_PNTTM, LAST_UPDUSR_ID) 
VALUES ('EFC', 'COM036', '보고서 진행상태코드', '보고서의 진행상태를 코드화 하여 관리한다.', 'Y', sysdate(), 'SYSTEM', sysdate(), 'SYSTEM');
INSERT INTO COMTC_CMMN_CODE(CL_CODE, CODE_ID, CODE_ID_NM, CODE_ID_DC, USE_AT, FRST_REGIST_PNTTM, FRST_REGISTER_ID,LAST_UPDT_PNTTM, LAST_UPDUSR_ID) 
VALUES ('EFC', 'COM038', '온라인POLL페기유무', '온라인POLL-온라인POLL페기유무', 'Y', sysdate(), 'SYSTEM', sysdate(), 'SYSTEM');
INSERT INTO COMTC_CMMN_CODE(CL_CODE, CODE_ID, CODE_ID_NM, CODE_ID_DC, USE_AT, FRST_REGIST_PNTTM, FRST_REGISTER_ID,LAST_UPDT_PNTTM, LAST_UPDUSR_ID) 
VALUES ('EFC', 'COM039', '온라인POLL구분', '온라인POLL-온온라인POLL구분', 'Y', sysdate(), 'SYSTEM', sysdate(), 'SYSTEM');
INSERT INTO COMTC_CMMN_CODE(CL_CODE, CODE_ID, CODE_ID_NM, CODE_ID_DC, USE_AT, FRST_REGIST_PNTTM, FRST_REGISTER_ID,LAST_UPDT_PNTTM, LAST_UPDUSR_ID) 
VALUES ('EFC', 'COM040', '보고서 종류코드', '보고서 종류코드', 'Y', sysdate(), 'SYSTEM', sysdate(), 'SYSTEM');
INSERT INTO COMTC_CMMN_CODE(CL_CODE, CODE_ID, CODE_ID_NM, CODE_ID_DC, USE_AT, FRST_REGIST_PNTTM, FRST_REGISTER_ID,LAST_UPDT_PNTTM, LAST_UPDUSR_ID) 
VALUES ('EFC', 'COM041', '온라인메뉴얼구분', '온라인메누얼-온라인메뉴얼구분', 'Y', sysdate(), 'SYSTEM', sysdate(), 'SYSTEM');
INSERT INTO COMTC_CMMN_CODE(CL_CODE, CODE_ID, CODE_ID_NM, CODE_ID_DC, USE_AT, FRST_REGIST_PNTTM, FRST_REGISTER_ID,LAST_UPDT_PNTTM, LAST_UPDUSR_ID) 
VALUES ('EFC', 'COM042', '보고서통계기간구분', '보고서통계기간구분', 'Y', sysdate(), 'SYSTEM', sysdate(), 'SYSTEM');
INSERT INTO COMTC_CMMN_CODE(CL_CODE, CODE_ID, CODE_ID_NM, CODE_ID_DC, USE_AT, FRST_REGIST_PNTTM, FRST_REGISTER_ID,LAST_UPDT_PNTTM, LAST_UPDUSR_ID) 
VALUES ('EFC', 'COM043', '기관코드변경구분', '기관코드변경구분', 'Y', sysdate(), 'SYSTEM',sysdate(), 'SYSTEM');
INSERT INTO COMTC_CMMN_CODE(CL_CODE, CODE_ID, CODE_ID_NM, CODE_ID_DC, USE_AT, FRST_REGIST_PNTTM, FRST_REGISTER_ID,LAST_UPDT_PNTTM, LAST_UPDUSR_ID) 
VALUES ('EFC', 'COM044', '기관코드수신처리구분', '기관코드수신처리구분', 'Y', sysdate(), 'SYSTEM',sysdate(), 'SYSTEM');
INSERT INTO COMTC_CMMN_CODE(CL_CODE, CODE_ID, CODE_ID_NM, CODE_ID_DC, USE_AT, FRST_REGIST_PNTTM, FRST_REGISTER_ID,LAST_UPDT_PNTTM, LAST_UPDUSR_ID) 
VALUES ('EFC', 'COM045', '사용여부', '사용여부', 'Y', sysdate(), 'SYSTEM', sysdate(), 'SYSTEM');
INSERT INTO COMTC_CMMN_CODE(CL_CODE, CODE_ID, CODE_ID_NM, CODE_ID_DC, USE_AT, FRST_REGIST_PNTTM, FRST_REGISTER_ID,LAST_UPDT_PNTTM, LAST_UPDUSR_ID) 
VALUES ('EFC', 'COM046', '모니터링상태구분', '모니터링상태구분', 'Y', sysdate(), 'SYSTEM', sysdate(), 'SYSTEM');
INSERT INTO COMTC_CMMN_CODE(CL_CODE, CODE_ID, CODE_ID_NM, CODE_ID_DC, USE_AT, FRST_REGIST_PNTTM, FRST_REGISTER_ID,LAST_UPDT_PNTTM, LAST_UPDUSR_ID) 
VALUES ('EFC', 'COM047', '실행주기구분', '실행주기구분', 'Y', sysdate(), 'SYSTEM', sysdate(), 'SYSTEM');
INSERT INTO COMTC_CMMN_CODE(CL_CODE, CODE_ID, CODE_ID_NM, CODE_ID_DC, USE_AT, FRST_REGIST_PNTTM, FRST_REGISTER_ID,LAST_UPDT_PNTTM, LAST_UPDUSR_ID) 
VALUES ('EFC', 'COM048', 'DBMS종류', 'DBMS종류', 'Y', sysdate(), 'SYSTEM', sysdate(), 'SYSTEM');
INSERT INTO COMTC_CMMN_CODE(CL_CODE, CODE_ID, CODE_ID_NM, CODE_ID_DC, USE_AT, FRST_REGIST_PNTTM, FRST_REGISTER_ID,LAST_UPDT_PNTTM, LAST_UPDUSR_ID) 
VALUES ('EFC', 'COM049', '압축구분', '압축구분', 'Y', sysdate(), 'SYSTEM', sysdate(), 'SYSTEM');
INSERT INTO COMTC_CMMN_CODE(CL_CODE, CODE_ID, CODE_ID_NM, CODE_ID_DC, USE_AT, FRST_REGIST_PNTTM, FRST_REGISTER_ID,LAST_UPDT_PNTTM, LAST_UPDUSR_ID) 
VALUES ('EFC', 'COM050', '수신구분', '쪽지관리', 'Y', sysdate(), 'SYSTEM', sysdate(), 'SYSTEM');
INSERT INTO COMTC_CMMN_CODE(CL_CODE, CODE_ID, CODE_ID_NM, CODE_ID_DC, USE_AT, FRST_REGIST_PNTTM, FRST_REGISTER_ID,LAST_UPDT_PNTTM, LAST_UPDUSR_ID) 
VALUES ('EFC', 'COM051', '승인여부', '승인여부구분코드', 'Y', sysdate(), 'SYSTEM', sysdate(), 'SYSTEM');
INSERT INTO COMTC_CMMN_CODE(CL_CODE, CODE_ID, CODE_ID_NM, CODE_ID_DC, USE_AT, FRST_REGIST_PNTTM, FRST_REGISTER_ID,LAST_UPDT_PNTTM, LAST_UPDUSR_ID) 
VALUES ('EFC', 'COM052', '달력구분', '달력구분', 'Y', sysdate(), 'SYSTEM', sysdate(), 'SYSTEM');
INSERT INTO COMTC_CMMN_CODE(CL_CODE, CODE_ID, CODE_ID_NM, CODE_ID_DC, USE_AT, FRST_REGIST_PNTTM, FRST_REGISTER_ID,LAST_UPDT_PNTTM, LAST_UPDUSR_ID) 
VALUES ('EFC', 'COM053', '행사구분', '행사구분', 'Y', sysdate(), 'SYSTEM', sysdate(), 'SYSTEM');
INSERT INTO COMTC_CMMN_CODE(CL_CODE, CODE_ID, CODE_ID_NM, CODE_ID_DC, USE_AT, FRST_REGIST_PNTTM, FRST_REGISTER_ID,LAST_UPDT_PNTTM, LAST_UPDUSR_ID) 
VALUES ('EFC', 'COM054', '경조구분', '경조구분', 'Y', sysdate(), 'SYSTEM', sysdate(), 'SYSTEM');
INSERT INTO COMTC_CMMN_CODE(CL_CODE, CODE_ID, CODE_ID_NM, CODE_ID_DC, USE_AT, FRST_REGIST_PNTTM, FRST_REGISTER_ID,LAST_UPDT_PNTTM, LAST_UPDUSR_ID) 
VALUES ('EFC', 'COM055', '포상구분', '포상구분', 'Y', sysdate(), 'SYSTEM', sysdate(), 'SYSTEM');
INSERT INTO COMTC_CMMN_CODE(CL_CODE, CODE_ID, CODE_ID_NM, CODE_ID_DC, USE_AT, FRST_REGIST_PNTTM, FRST_REGISTER_ID,LAST_UPDT_PNTTM, LAST_UPDUSR_ID) 
VALUES ('EFC', 'COM056', '휴가구분', '휴가구분', 'Y', sysdate(), 'SYSTEM', sysdate(), 'SYSTEM');
INSERT INTO COMTC_CMMN_CODE(CL_CODE, CODE_ID, CODE_ID_NM, CODE_ID_DC, USE_AT, FRST_REGIST_PNTTM, FRST_REGISTER_ID,LAST_UPDT_PNTTM, LAST_UPDUSR_ID) 
VALUES ('EFC', 'COM057', '일정구분', '일정구분', 'Y', sysdate(), 'SYSTEM', sysdate(), 'SYSTEM');
INSERT INTO COMTC_CMMN_CODE(CL_CODE, CODE_ID, CODE_ID_NM, CODE_ID_DC, USE_AT, FRST_REGIST_PNTTM, FRST_REGISTER_ID,LAST_UPDT_PNTTM, LAST_UPDUSR_ID) 
VALUES ('EFC', 'COM058', '반복구분코드', '반복구분코드', 'Y', sysdate(), 'SYSTEM', sysdate(), 'SYSTEM');
INSERT INTO COMTC_CMMN_CODE(CL_CODE, CODE_ID, CODE_ID_NM, CODE_ID_DC, USE_AT, FRST_REGIST_PNTTM, FRST_REGISTER_ID,LAST_UPDT_PNTTM, LAST_UPDUSR_ID) 
VALUES ('EFC', 'COM059', '우선순위', '우선순위', 'Y', sysdate(), 'SYSTEM', sysdate(), 'SYSTEM');
INSERT INTO COMTC_CMMN_CODE(CL_CODE, CODE_ID, CODE_ID_NM, CODE_ID_DC, USE_AT, FRST_REGIST_PNTTM, FRST_REGISTER_ID,LAST_UPDT_PNTTM, LAST_UPDUSR_ID) 
VALUES ('EFC', 'COM060', '보고서구분', '보고서구분', 'Y', sysdate(), 'SYSTEM', sysdate(), 'SYSTEM');
INSERT INTO COMTC_CMMN_CODE(CL_CODE, CODE_ID, CODE_ID_NM, CODE_ID_DC, USE_AT, FRST_REGIST_PNTTM, FRST_REGISTER_ID,LAST_UPDT_PNTTM, LAST_UPDUSR_ID) 
VALUES ('EFC', 'COM061', '간부상태', '간부상태', 'Y', sysdate(), 'SYSTEM', sysdate(), 'SYSTEM');
INSERT INTO COMTC_CMMN_CODE(CL_CODE, CODE_ID, CODE_ID_NM, CODE_ID_DC, USE_AT, FRST_REGIST_PNTTM, FRST_REGISTER_ID,LAST_UPDT_PNTTM, LAST_UPDUSR_ID) 
VALUES ('EFC', 'COM062', ' HTTP상태코드', 'HTTP상태코드', 'Y', sysdate(), 'SYSTEM', sysdate(), 'SYSTEM');
INSERT INTO COMTC_CMMN_CODE(CL_CODE, CODE_ID, CODE_ID_NM, CODE_ID_DC, USE_AT, FRST_REGIST_PNTTM, FRST_REGISTER_ID,LAST_UPDT_PNTTM, LAST_UPDUSR_ID) 
VALUES ('EFC', 'COM063', '상태관리', '상태관리', 'Y', sysdate(), 'SYSTEM', sysdate(), 'SYSTEM');
INSERT INTO COMTC_CMMN_CODE(CL_CODE, CODE_ID, CODE_ID_NM, CODE_ID_DC, USE_AT, FRST_REGIST_PNTTM, FRST_REGISTER_ID,LAST_UPDT_PNTTM, LAST_UPDUSR_ID) 
VALUES ('EFC', 'COM064', '서버종류코드', '서버종류코드', 'Y', sysdate(), 'SYSTEM', sysdate(), 'SYSTEM');
INSERT INTO COMTC_CMMN_CODE(CL_CODE, CODE_ID, CODE_ID_NM, CODE_ID_DC, USE_AT, FRST_REGIST_PNTTM, FRST_REGISTER_ID,LAST_UPDT_PNTTM, LAST_UPDUSR_ID) 
VALUES ('EFC', 'COM065', '장애종류코드', '장애종류코드', 'Y', sysdate(), 'SYSTEM', sysdate(), 'SYSTEM');
INSERT INTO COMTC_CMMN_CODE(CL_CODE, CODE_ID, CODE_ID_NM, CODE_ID_DC, USE_AT, FRST_REGIST_PNTTM, FRST_REGISTER_ID,LAST_UPDT_PNTTM, LAST_UPDUSR_ID) 
VALUES ('EFC', 'COM066', '서버자원종류', '서버자원종류', 'Y', sysdate(), 'SYSTEM', sysdate(), 'SYSTEM');
INSERT INTO COMTC_CMMN_CODE(CL_CODE, CODE_ID, CODE_ID_NM, CODE_ID_DC, USE_AT, FRST_REGIST_PNTTM, FRST_REGISTER_ID,LAST_UPDT_PNTTM, LAST_UPDUSR_ID) 
VALUES ('EFC', 'COM067', '네트워크관리항목', '네트워크관리항목', 'Y', sysdate(), 'SYSTEM', sysdate(), 'SYSTEM');
INSERT INTO COMTC_CMMN_CODE(CL_CODE, CODE_ID, CODE_ID_NM, CODE_ID_DC, USE_AT, FRST_REGIST_PNTTM, FRST_REGISTER_ID,LAST_UPDT_PNTTM, LAST_UPDUSR_ID) 
VALUES ('EFC', 'COM068', '처리상태코드', '처리상태코드', 'Y', sysdate(), 'SYSTEM', sysdate(), 'SYSTEM');
INSERT INTO COMTC_CMMN_CODE(CL_CODE, CODE_ID, CODE_ID_NM, CODE_ID_DC, USE_AT, FRST_REGIST_PNTTM, FRST_REGISTER_ID,LAST_UPDT_PNTTM, LAST_UPDUSR_ID) 
VALUES ('EFC', 'COM069', '기념일구분', '기념일구분', 'Y', sysdate(), 'SYSTEM', sysdate(), 'SYSTEM');
INSERT INTO COMTC_CMMN_CODE(CL_CODE, CODE_ID, CODE_ID_NM, CODE_ID_DC, USE_AT, FRST_REGIST_PNTTM, FRST_REGISTER_ID,LAST_UPDT_PNTTM, LAST_UPDUSR_ID) 
VALUES ('EFC', 'COM070', '위치구분', '회의실 위치구분', 'Y', sysdate(), 'SYSTEM', sysdate(), 'SYSTEM');
INSERT INTO COMTC_CMMN_CODE(CL_CODE, CODE_ID, CODE_ID_NM, CODE_ID_DC, USE_AT, FRST_REGIST_PNTTM, FRST_REGISTER_ID,LAST_UPDT_PNTTM, LAST_UPDUSR_ID) 
VALUES ('EFC', 'COM071', '당직체크구분', '당직체크구분', 'Y', sysdate(), 'SYSTEM', sysdate(), 'SYSTEM');
INSERT INTO COMTC_CMMN_CODE(CL_CODE, CODE_ID, CODE_ID_NM, CODE_ID_DC, USE_AT, FRST_REGIST_PNTTM, FRST_REGISTER_ID,LAST_UPDT_PNTTM, LAST_UPDUSR_ID) 
VALUES ('EFC', 'COM072', '서비스상태', '서비스상태', 'Y', sysdate(), 'SYSTEM', sysdate(), 'SYSTEM');
INSERT INTO COMTC_CMMN_CODE(CL_CODE, CODE_ID, CODE_ID_NM, CODE_ID_DC, USE_AT, FRST_REGIST_PNTTM, FRST_REGISTER_ID,LAST_UPDT_PNTTM, LAST_UPDUSR_ID) 
VALUES ('EFC', 'COM073', '가족관계', '가족관계', 'Y', sysdate(), 'SYSTEM', sysdate(), 'SYSTEM');
INSERT INTO COMTC_CMMN_CODE(CL_CODE, CODE_ID, CODE_ID_NM, CODE_ID_DC, USE_AT, FRST_REGIST_PNTTM, FRST_REGISTER_ID,LAST_UPDT_PNTTM, LAST_UPDUSR_ID) 
VALUES ('EFC', 'COM074', '요일구분', '요일구분', 'Y', sysdate(), 'SYSTEM', sysdate(), 'SYSTEM');
INSERT INTO COMTC_CMMN_CODE(CL_CODE, CODE_ID, CODE_ID_NM, CODE_ID_DC, USE_AT, FRST_REGIST_PNTTM, FRST_REGISTER_ID,LAST_UPDT_PNTTM, LAST_UPDUSR_ID) 
VALUES ('EFC', 'COM075', '업무구분코드', '업무구분코드', 'Y', sysdate(), 'SYSTEM', sysdate(), 'SYSTEM');
INSERT INTO COMTC_CMMN_CODE(CL_CODE, CODE_ID, CODE_ID_NM, CODE_ID_DC, USE_AT, FRST_REGIST_PNTTM, FRST_REGISTER_ID,LAST_UPDT_PNTTM, LAST_UPDUSR_ID) 
VALUES ('EFC', 'COM076', '실행상태구분', '실행상태구분', 'Y', sysdate(), 'SYSTEM', sysdate(), 'SYSTEM');

INSERT INTO COMTC_CMMN_CODE(CL_CODE, CODE_ID, CODE_ID_NM, CODE_ID_DC, USE_AT, FRST_REGIST_PNTTM, FRST_REGISTER_ID,LAST_UPDT_PNTTM, LAST_UPDUSR_ID) 
VALUES ('EFC', 'COM077', '멀티미디어구분', '멀티미디어 파일 유형 구분코드', 'Y', sysdate(), 'SYSTEM', sysdate(), 'SYSTEM');
INSERT INTO COMTC_CMMN_CODE(CL_CODE, CODE_ID, CODE_ID_NM, CODE_ID_DC, USE_AT, FRST_REGIST_PNTTM, FRST_REGISTER_ID,LAST_UPDT_PNTTM, LAST_UPDUSR_ID) 
VALUES ('EFC', 'COM078', '최신구분', '최신 여부 구분코드', 'Y', sysdate(), 'SYSTEM', sysdate(), 'SYSTEM');
INSERT INTO COMTC_CMMN_CODE(CL_CODE, CODE_ID, CODE_ID_NM, CODE_ID_DC, USE_AT, FRST_REGIST_PNTTM, FRST_REGISTER_ID,LAST_UPDT_PNTTM, LAST_UPDUSR_ID) 
VALUES ('EFC', 'COM079', '전송결과', 'MMS 전송결과 구분코드', 'Y', sysdate(), 'SYSTEM', sysdate(), 'SYSTEM');
INSERT INTO COMTC_CMMN_CODE(CL_CODE, CODE_ID, CODE_ID_NM, CODE_ID_DC, USE_AT, FRST_REGIST_PNTTM, FRST_REGISTER_ID,LAST_UPDT_PNTTM, LAST_UPDUSR_ID) 
VALUES ('EFC', 'COM080', '요청결과', 'MMS 요청결과 구분코드', 'Y', sysdate(), 'SYSTEM', sysdate(), 'SYSTEM');
INSERT INTO COMTC_CMMN_CODE(CL_CODE, CODE_ID, CODE_ID_NM, CODE_ID_DC, USE_AT, FRST_REGIST_PNTTM, FRST_REGISTER_ID,LAST_UPDT_PNTTM, LAST_UPDUSR_ID) 
VALUES ('EFC', 'COM081', 'OPEN-API 제공기관', 'OPEN-API 제공 기관코드', 'Y', sysdate(), 'SYSTEM', sysdate(), 'SYSTEM');
INSERT INTO COMTC_CMMN_CODE(CL_CODE, CODE_ID, CODE_ID_NM, CODE_ID_DC, USE_AT, FRST_REGIST_PNTTM, FRST_REGISTER_ID,LAST_UPDT_PNTTM, LAST_UPDUSR_ID) 
VALUES ('EFC', 'COM082', 'OPEN-API 서비스구분', 'OPEN-API 서비스 종류 구분코드', 'Y', sysdate(), 'SYSTEM', sysdate(), 'SYSTEM');
INSERT INTO COMTC_CMMN_CODE(CL_CODE, CODE_ID, CODE_ID_NM, CODE_ID_DC, USE_AT, FRST_REGIST_PNTTM, FRST_REGISTER_ID,LAST_UPDT_PNTTM, LAST_UPDUSR_ID) 
VALUES ('EFC', 'COM083', '브라우저구분', '모바일 기기 브라우저 구분코드', 'Y', sysdate(), 'SYSTEM', sysdate(), 'SYSTEM');
INSERT INTO COMTC_CMMN_CODE(CL_CODE, CODE_ID, CODE_ID_NM, CODE_ID_DC, USE_AT, FRST_REGIST_PNTTM, FRST_REGISTER_ID,LAST_UPDT_PNTTM, LAST_UPDUSR_ID) 
VALUES ('EFC', 'COM084', '운영체제구분', '모바일 기기 운영체제 구분코드', 'Y', sysdate(), 'SYSTEM', sysdate(), 'SYSTEM');
INSERT INTO COMTC_CMMN_CODE(CL_CODE, CODE_ID, CODE_ID_NM, CODE_ID_DC, USE_AT, FRST_REGIST_PNTTM, FRST_REGISTER_ID,LAST_UPDT_PNTTM, LAST_UPDUSR_ID) 
VALUES ('EFC', 'COM085', '등록상태', '등록 상태코드', 'Y', sysdate(), 'SYSTEM', sysdate(), 'SYSTEM');
INSERT INTO COMTC_CMMN_CODE(CL_CODE, CODE_ID, CODE_ID_NM, CODE_ID_DC, USE_AT, FRST_REGIST_PNTTM, FRST_REGISTER_ID,LAST_UPDT_PNTTM, LAST_UPDUSR_ID) 
VALUES ('EFC', 'COM086', '지역코드', '기상청 제공 지역코드', 'Y', sysdate(), 'SYSTEM', sysdate(), 'SYSTEM');

-- 공통상세코드

INSERT INTO COMTC_CMMN_DETAIL_CODE(CODE_ID, CODE, CODE_NM, CODE_DC, USE_AT, FRST_REGIST_PNTTM, FRST_REGISTER_ID, LAST_UPDT_PNTTM, LAST_UPDUSR_ID) 
VALUES ('COM001', 'REGC01', '단일 게시판 이용등록', '단일 게시판 이용등록', 'Y', sysdate(), 'SYSTEM', sysdate(), 'SYSTEM');
INSERT INTO COMTC_CMMN_DETAIL_CODE(CODE_ID, CODE, CODE_NM, CODE_DC, USE_AT, FRST_REGIST_PNTTM, FRST_REGISTER_ID, LAST_UPDT_PNTTM, LAST_UPDUSR_ID) 
VALUES ('COM001', 'REGC02', '커뮤니티 등록', '커뮤니티 등록', 'Y', sysdate(), 'SYSTEM', sysdate(), 'SYSTEM');
INSERT INTO COMTC_CMMN_DETAIL_CODE(CODE_ID, CODE, CODE_NM, CODE_DC, USE_AT, FRST_REGIST_PNTTM, FRST_REGISTER_ID, LAST_UPDT_PNTTM, LAST_UPDUSR_ID) 
VALUES ('COM001', 'REGC03', '동호회 등록', '동호회 등록', 'Y', sysdate(), 'SYSTEM', sysdate(), 'SYSTEM');
INSERT INTO COMTC_CMMN_DETAIL_CODE(CODE_ID, CODE, CODE_NM, CODE_DC, USE_AT, FRST_REGIST_PNTTM, FRST_REGISTER_ID, LAST_UPDT_PNTTM, LAST_UPDUSR_ID) 
VALUES ('COM001', 'REGC04', '명함등록', '명함등록', 'Y', sysdate(), 'SYSTEM', sysdate(), 'SYSTEM');
INSERT INTO COMTC_CMMN_DETAIL_CODE(CODE_ID, CODE, CODE_NM, CODE_DC, USE_AT, FRST_REGIST_PNTTM, FRST_REGISTER_ID, LAST_UPDT_PNTTM, LAST_UPDUSR_ID) 
VALUES ('COM001', 'REGC05', '동호회 게시판 등록', '동호회 게시판 등록', 'Y', sysdate(), 'SYSTEM', sysdate(), 'SYSTEM');
INSERT INTO COMTC_CMMN_DETAIL_CODE(CODE_ID, CODE, CODE_NM, CODE_DC, USE_AT, FRST_REGIST_PNTTM, FRST_REGISTER_ID, LAST_UPDT_PNTTM, LAST_UPDUSR_ID) 
VALUES ('COM001', 'REGC06', '커뮤니티 게시판 등록', '커뮤니티 게시판 등록', 'Y', sysdate(), 'SYSTEM', sysdate(), 'SYSTEM');
INSERT INTO COMTC_CMMN_DETAIL_CODE(CODE_ID, CODE, CODE_NM, CODE_DC, USE_AT, FRST_REGIST_PNTTM, FRST_REGISTER_ID, LAST_UPDT_PNTTM, LAST_UPDUSR_ID) 
VALUES ('COM001', 'REGC07', '게시판사용자등록', '게시판사용자등록', 'Y', sysdate(), 'SYSTEM', sysdate(), 'SYSTEM');

INSERT INTO COMTC_CMMN_DETAIL_CODE(CODE_ID, CODE, CODE_NM, CODE_DC, USE_AT, FRST_REGIST_PNTTM, FRST_REGISTER_ID, LAST_UPDT_PNTTM, LAST_UPDUSR_ID) 
VALUES ('COM002', 'HIST01', '소프트웨어패치', '소프트웨어패치', 'Y', sysdate(), 'SYSTEM', sysdate(), 'SYSTEM');
INSERT INTO COMTC_CMMN_DETAIL_CODE(CODE_ID, CODE, CODE_NM, CODE_DC, USE_AT, FRST_REGIST_PNTTM, FRST_REGISTER_ID, LAST_UPDT_PNTTM, LAST_UPDUSR_ID) 
VALUES ('COM002', 'HIST02', '소프트웨어설치', '소프트웨어설치', 'Y', sysdate(), 'SYSTEM', sysdate(), 'SYSTEM');
INSERT INTO COMTC_CMMN_DETAIL_CODE(CODE_ID, CODE, CODE_NM, CODE_DC, USE_AT, FRST_REGIST_PNTTM, FRST_REGISTER_ID, LAST_UPDT_PNTTM, LAST_UPDUSR_ID) 
VALUES ('COM002', 'HIST03', '소프트웨어삭제', '소프트웨어삭제', 'Y', sysdate(), 'SYSTEM', sysdate(), 'SYSTEM');
INSERT INTO COMTC_CMMN_DETAIL_CODE(CODE_ID, CODE, CODE_NM, CODE_DC, USE_AT, FRST_REGIST_PNTTM, FRST_REGISTER_ID, LAST_UPDT_PNTTM, LAST_UPDUSR_ID) 
VALUES ('COM002', 'HIST04', '하드웨어업그레이드', '하드웨어업그레이드', 'Y', sysdate(), 'SYSTEM', sysdate(), 'SYSTEM');
INSERT INTO COMTC_CMMN_DETAIL_CODE(CODE_ID, CODE, CODE_NM, CODE_DC, USE_AT, FRST_REGIST_PNTTM, FRST_REGISTER_ID, LAST_UPDT_PNTTM, LAST_UPDUSR_ID) 
VALUES ('COM002', 'HIST05', '하드웨어삭제', '하드웨어삭제', 'Y', sysdate(), 'SYSTEM', sysdate(), 'SYSTEM');

INSERT INTO COMTC_CMMN_DETAIL_CODE(CODE_ID, CODE, CODE_NM, CODE_DC, USE_AT, FRST_REGIST_PNTTM, FRST_REGISTER_ID, LAST_UPDT_PNTTM, LAST_UPDUSR_ID) 
VALUES ('COM003', 'BBS', '게시판', '게시판', 'Y', sysdate(), 'SYSTEM', sysdate(), 'SYSTEM');
INSERT INTO COMTC_CMMN_DETAIL_CODE(CODE_ID, CODE, CODE_NM, CODE_DC, USE_AT, FRST_REGIST_PNTTM, FRST_REGISTER_ID, LAST_UPDT_PNTTM, LAST_UPDUSR_ID) 
VALUES ('COM003', 'CMY', '커뮤니티', '커뮤니티', 'Y', sysdate(), 'SYSTEM', sysdate(), 'SYSTEM');
INSERT INTO COMTC_CMMN_DETAIL_CODE(CODE_ID, CODE, CODE_NM, CODE_DC, USE_AT, FRST_REGIST_PNTTM, FRST_REGISTER_ID, LAST_UPDT_PNTTM, LAST_UPDUSR_ID) 
VALUES ('COM003', 'CLB', '동호회', '동호회', 'Y', sysdate(), 'SYSTEM', sysdate(), 'SYSTEM');
INSERT INTO COMTC_CMMN_DETAIL_CODE(CODE_ID, CODE, CODE_NM, CODE_DC, USE_AT, FRST_REGIST_PNTTM, FRST_REGISTER_ID, LAST_UPDT_PNTTM, LAST_UPDUSR_ID) 
VALUES ('COM003', 'NCD', '명함', '명함', 'Y', sysdate(), 'SYSTEM', sysdate(), 'SYSTEM');

INSERT INTO COMTC_CMMN_DETAIL_CODE(CODE_ID, CODE, CODE_NM, CODE_DC, USE_AT, FRST_REGIST_PNTTM, FRST_REGISTER_ID, LAST_UPDT_PNTTM, LAST_UPDUSR_ID) 
VALUES ('COM004', 'BBST01', '일반게시판', '일반게시판', 'Y', sysdate(), 'SYSTEM', sysdate(), 'SYSTEM');
INSERT INTO COMTC_CMMN_DETAIL_CODE(CODE_ID, CODE, CODE_NM, CODE_DC, USE_AT, FRST_REGIST_PNTTM, FRST_REGISTER_ID, LAST_UPDT_PNTTM, LAST_UPDUSR_ID) 
VALUES ('COM004', 'BBST02', '익명게시판', '익명게시판', 'Y', sysdate(), 'SYSTEM', sysdate(), 'SYSTEM');
INSERT INTO COMTC_CMMN_DETAIL_CODE(CODE_ID, CODE, CODE_NM, CODE_DC, USE_AT, FRST_REGIST_PNTTM, FRST_REGISTER_ID, LAST_UPDT_PNTTM, LAST_UPDUSR_ID) 
VALUES ('COM004', 'BBST03', '공지게시판', '공지게시판', 'Y', sysdate(), 'SYSTEM', sysdate(), 'SYSTEM');
INSERT INTO COMTC_CMMN_DETAIL_CODE(CODE_ID, CODE, CODE_NM, CODE_DC, USE_AT, FRST_REGIST_PNTTM, FRST_REGISTER_ID, LAST_UPDT_PNTTM, LAST_UPDUSR_ID) 
VALUES ('COM004', 'BBST04', '방명록', '방명록', 'Y', sysdate(), 'SYSTEM', sysdate(), 'SYSTEM');

INSERT INTO COMTC_CMMN_DETAIL_CODE(CODE_ID, CODE, CODE_NM, CODE_DC, USE_AT, FRST_REGIST_PNTTM, FRST_REGISTER_ID, LAST_UPDT_PNTTM, LAST_UPDUSR_ID) 
VALUES ('COM005', 'TMPT01', '게시판템플릿', '게시판템플릿', 'Y', sysdate(), 'SYSTEM', sysdate(), 'SYSTEM');
INSERT INTO COMTC_CMMN_DETAIL_CODE(CODE_ID, CODE, CODE_NM, CODE_DC, USE_AT, FRST_REGIST_PNTTM, FRST_REGISTER_ID, LAST_UPDT_PNTTM, LAST_UPDUSR_ID) 
VALUES ('COM005', 'TMPT02', '커뮤니티템플릿', '커뮤니티템플릿', 'Y', sysdate(), 'SYSTEM', sysdate(), 'SYSTEM');
INSERT INTO COMTC_CMMN_DETAIL_CODE(CODE_ID, CODE, CODE_NM, CODE_DC, USE_AT, FRST_REGIST_PNTTM, FRST_REGISTER_ID, LAST_UPDT_PNTTM, LAST_UPDUSR_ID) 
VALUES ('COM005', 'TMPT03', '동호회템플릿', '동호회템플릿', 'Y', sysdate(), 'SYSTEM', sysdate(), 'SYSTEM');

INSERT INTO COMTC_CMMN_DETAIL_CODE(CODE_ID, CODE, CODE_NM, CODE_DC, USE_AT, FRST_REGIST_PNTTM, FRST_REGISTER_ID, LAST_UPDT_PNTTM, LAST_UPDUSR_ID) 
VALUES ('COM006', 'CF01', '커뮤니티등록', '커뮤니티등록', 'Y', sysdate(), 'SYSTEM', sysdate(), 'SYSTEM');
INSERT INTO COMTC_CMMN_DETAIL_CODE(CODE_ID, CODE, CODE_NM, CODE_DC, USE_AT, FRST_REGIST_PNTTM, FRST_REGISTER_ID, LAST_UPDT_PNTTM, LAST_UPDUSR_ID) 
VALUES ('COM006', 'CF02', '커뮤니티삭제', '커뮤니티삭제', 'Y', sysdate(), 'SYSTEM', sysdate(), 'SYSTEM');
INSERT INTO COMTC_CMMN_DETAIL_CODE(CODE_ID, CODE, CODE_NM, CODE_DC, USE_AT, FRST_REGIST_PNTTM, FRST_REGISTER_ID, LAST_UPDT_PNTTM, LAST_UPDUSR_ID) 
VALUES ('COM006', 'CF03', '동호회등록', '동호회등록', 'Y', sysdate(), 'SYSTEM', sysdate(), 'SYSTEM');
INSERT INTO COMTC_CMMN_DETAIL_CODE(CODE_ID, CODE, CODE_NM, CODE_DC, USE_AT, FRST_REGIST_PNTTM, FRST_REGISTER_ID, LAST_UPDT_PNTTM, LAST_UPDUSR_ID) 
VALUES ('COM006', 'CF04', '동호회삭제', '동호회삭제', 'Y', sysdate(), 'SYSTEM', sysdate(), 'SYSTEM');
INSERT INTO COMTC_CMMN_DETAIL_CODE(CODE_ID, CODE, CODE_NM, CODE_DC, USE_AT, FRST_REGIST_PNTTM, FRST_REGISTER_ID, LAST_UPDT_PNTTM, LAST_UPDUSR_ID) 
VALUES ('COM006', 'CF05', '커뮤니티운영자등록', '커뮤니티운영자등록', 'Y', sysdate(), 'SYSTEM', sysdate(), 'SYSTEM');
INSERT INTO COMTC_CMMN_DETAIL_CODE(CODE_ID, CODE, CODE_NM, CODE_DC, USE_AT, FRST_REGIST_PNTTM, FRST_REGISTER_ID, LAST_UPDT_PNTTM, LAST_UPDUSR_ID) 
VALUES ('COM006', 'CF06', '커뮤니티운영자삭제', '커뮤니티운영자삭제', 'Y', sysdate(), 'SYSTEM', sysdate(), 'SYSTEM');
INSERT INTO COMTC_CMMN_DETAIL_CODE(CODE_ID, CODE, CODE_NM, CODE_DC, USE_AT, FRST_REGIST_PNTTM, FRST_REGISTER_ID, LAST_UPDT_PNTTM, LAST_UPDUSR_ID) 
VALUES ('COM006', 'CF07', '동호회운영자등록', '동호회운영자등록', 'Y', sysdate(), 'SYSTEM', sysdate(), 'SYSTEM');
INSERT INTO COMTC_CMMN_DETAIL_CODE(CODE_ID, CODE, CODE_NM, CODE_DC, USE_AT, FRST_REGIST_PNTTM, FRST_REGISTER_ID, LAST_UPDT_PNTTM, LAST_UPDUSR_ID) 
VALUES ('COM006', 'CF08', '동호회운영자삭제', '동호회운영자삭제', 'Y', sysdate(), 'SYSTEM', sysdate(), 'SYSTEM');
INSERT INTO COMTC_CMMN_DETAIL_CODE(CODE_ID, CODE, CODE_NM, CODE_DC, USE_AT, FRST_REGIST_PNTTM, FRST_REGISTER_ID, LAST_UPDT_PNTTM, LAST_UPDUSR_ID) 
VALUES ('COM006', 'CF09', '게시판이용등록', '게시판이용등록', 'Y', sysdate(), 'SYSTEM', sysdate(), 'SYSTEM');
INSERT INTO COMTC_CMMN_DETAIL_CODE(CODE_ID, CODE, CODE_NM, CODE_DC, USE_AT, FRST_REGIST_PNTTM, FRST_REGISTER_ID, LAST_UPDT_PNTTM, LAST_UPDUSR_ID) 
VALUES ('COM006', 'CF10', '게시판삭제', '게시판삭제', 'Y', sysdate(), 'SYSTEM', sysdate(), 'SYSTEM');
INSERT INTO COMTC_CMMN_DETAIL_CODE(CODE_ID, CODE, CODE_NM, CODE_DC, USE_AT, FRST_REGIST_PNTTM, FRST_REGISTER_ID, LAST_UPDT_PNTTM, LAST_UPDUSR_ID) 
VALUES ('COM006', 'CF11', '커뮤니티사용자등록', '커뮤니티사용자등록', 'Y', sysdate(), 'SYSTEM', sysdate(), 'SYSTEM');
INSERT INTO COMTC_CMMN_DETAIL_CODE(CODE_ID, CODE, CODE_NM, CODE_DC, USE_AT, FRST_REGIST_PNTTM, FRST_REGISTER_ID, LAST_UPDT_PNTTM, LAST_UPDUSR_ID) 
VALUES ('COM006', 'CF12', '커뮤니티사용자탈퇴', '커뮤니티사용자탈퇴', 'Y', sysdate(), 'SYSTEM', sysdate(), 'SYSTEM');
INSERT INTO COMTC_CMMN_DETAIL_CODE(CODE_ID, CODE, CODE_NM, CODE_DC, USE_AT, FRST_REGIST_PNTTM, FRST_REGISTER_ID, LAST_UPDT_PNTTM, LAST_UPDUSR_ID) 
VALUES ('COM006', 'CF13', '동호회사용자등록', '동호회사용자등록', 'Y', sysdate(), 'SYSTEM', sysdate(), 'SYSTEM');
INSERT INTO COMTC_CMMN_DETAIL_CODE(CODE_ID, CODE, CODE_NM, CODE_DC, USE_AT, FRST_REGIST_PNTTM, FRST_REGISTER_ID, LAST_UPDT_PNTTM, LAST_UPDUSR_ID) 
VALUES ('COM006', 'CF14', '동호회사용자탈퇴', '동호회사용자탈퇴', 'Y', sysdate(), 'SYSTEM', sysdate(), 'SYSTEM');

INSERT INTO COMTC_CMMN_DETAIL_CODE(CODE_ID, CODE, CODE_NM, CODE_DC, USE_AT, FRST_REGIST_PNTTM, FRST_REGISTER_ID, LAST_UPDT_PNTTM, LAST_UPDUSR_ID) 
VALUES ('COM007', 'AP01', '승인요청', '승인요청', 'Y', sysdate(), 'SYSTEM', sysdate(), 'SYSTEM');
INSERT INTO COMTC_CMMN_DETAIL_CODE(CODE_ID, CODE, CODE_NM, CODE_DC, USE_AT, FRST_REGIST_PNTTM, FRST_REGISTER_ID, LAST_UPDT_PNTTM, LAST_UPDUSR_ID) 
VALUES ('COM007', 'AP02', '승인허가', '승인허가', 'Y', sysdate(), 'SYSTEM', sysdate(), 'SYSTEM');
INSERT INTO COMTC_CMMN_DETAIL_CODE(CODE_ID, CODE, CODE_NM, CODE_DC, USE_AT, FRST_REGIST_PNTTM, FRST_REGISTER_ID, LAST_UPDT_PNTTM, LAST_UPDUSR_ID) 
VALUES ('COM007', 'AP03', '승인반려', '승인반려', 'Y', sysdate(), 'SYSTEM', sysdate(), 'SYSTEM');

INSERT INTO COMTC_CMMN_DETAIL_CODE(CODE_ID, CODE, CODE_NM, CODE_DC, USE_AT, FRST_REGIST_PNTTM, FRST_REGISTER_ID, LAST_UPDT_PNTTM, LAST_UPDUSR_ID) 
VALUES ('COM008', 'S01', '전송요청', '전송요청', 'Y', sysdate(), 'SYSTEM', sysdate(), 'SYSTEM');
INSERT INTO COMTC_CMMN_DETAIL_CODE(CODE_ID, CODE, CODE_NM, CODE_DC, USE_AT, FRST_REGIST_PNTTM, FRST_REGISTER_ID, LAST_UPDT_PNTTM, LAST_UPDUSR_ID) 
VALUES ('COM008', 'S02', '전송완료', '전송완료', 'Y', sysdate(), 'SYSTEM', sysdate(), 'SYSTEM');
INSERT INTO COMTC_CMMN_DETAIL_CODE(CODE_ID, CODE, CODE_NM, CODE_DC, USE_AT, FRST_REGIST_PNTTM, FRST_REGISTER_ID, LAST_UPDT_PNTTM, LAST_UPDUSR_ID) 
VALUES ('COM008', 'S03', '전송실패', '전송실패', 'Y', sysdate(), 'SYSTEM', sysdate(), 'SYSTEM');
INSERT INTO COMTC_CMMN_DETAIL_CODE(CODE_ID, CODE, CODE_NM, CODE_DC, USE_AT, FRST_REGIST_PNTTM, FRST_REGISTER_ID, LAST_UPDT_PNTTM, LAST_UPDUSR_ID) 
VALUES ('COM008', 'S04', '수신요청', '수신요청', 'Y', sysdate(), 'SYSTEM', sysdate(), 'SYSTEM');
INSERT INTO COMTC_CMMN_DETAIL_CODE(CODE_ID, CODE, CODE_NM, CODE_DC, USE_AT, FRST_REGIST_PNTTM, FRST_REGISTER_ID, LAST_UPDT_PNTTM, LAST_UPDUSR_ID) 
VALUES ('COM008', 'S05', '수신완료', '수신완료', 'Y', sysdate(), 'SYSTEM', sysdate(), 'SYSTEM');
INSERT INTO COMTC_CMMN_DETAIL_CODE(CODE_ID, CODE, CODE_NM, CODE_DC, USE_AT, FRST_REGIST_PNTTM, FRST_REGISTER_ID, LAST_UPDT_PNTTM, LAST_UPDUSR_ID) 
VALUES ('COM008', 'S06', '수신실패', '수신실패', 'Y', sysdate(), 'SYSTEM', sysdate(), 'SYSTEM');

INSERT INTO COMTC_CMMN_DETAIL_CODE(CODE_ID, CODE, CODE_NM, CODE_DC, USE_AT, FRST_REGIST_PNTTM, FRST_REGISTER_ID, LAST_UPDT_PNTTM, LAST_UPDUSR_ID) 
VALUES ('COM009', 'BBSA01', '유효게시판', '유효게시판', 'Y', sysdate(), 'SYSTEM', sysdate(), 'SYSTEM');
INSERT INTO COMTC_CMMN_DETAIL_CODE(CODE_ID, CODE, CODE_NM, CODE_DC, USE_AT, FRST_REGIST_PNTTM, FRST_REGISTER_ID, LAST_UPDT_PNTTM, LAST_UPDUSR_ID) 
VALUES ('COM009', 'BBSA02', '갤러리', '갤러리', 'Y', sysdate(), 'SYSTEM', sysdate(), 'SYSTEM');
INSERT INTO COMTC_CMMN_DETAIL_CODE(CODE_ID, CODE, CODE_NM, CODE_DC, USE_AT, FRST_REGIST_PNTTM, FRST_REGISTER_ID, LAST_UPDT_PNTTM, LAST_UPDUSR_ID) 
VALUES ('COM009', 'BBSA03', '일반게시판', '일반게시판', 'Y', sysdate(), 'SYSTEM', sysdate(), 'SYSTEM');

INSERT INTO COMTC_CMMN_DETAIL_CODE(CODE_ID, CODE, CODE_NM, CODE_DC, USE_AT, FRST_REGIST_PNTTM, FRST_REGISTER_ID, LAST_UPDT_PNTTM, LAST_UPDUSR_ID) 
VALUES ('COM010', 'PRVS001', '시스템 관련 권한(최상위 권한)', '시스템 관련 권한(최상위 권한)', 'Y', sysdate(), 'SYSTEM', sysdate(), 'SYSTEM');
INSERT INTO COMTC_CMMN_DETAIL_CODE(CODE_ID, CODE, CODE_NM, CODE_DC, USE_AT, FRST_REGIST_PNTTM, FRST_REGISTER_ID, LAST_UPDT_PNTTM, LAST_UPDUSR_ID) 
VALUES ('COM010', 'PRVD001', '데이터베이스 관련 권한', '데이터베이스 관련 권한', 'Y', sysdate(), 'SYSTEM', sysdate(), 'SYSTEM');
INSERT INTO COMTC_CMMN_DETAIL_CODE(CODE_ID, CODE, CODE_NM, CODE_DC, USE_AT, FRST_REGIST_PNTTM, FRST_REGISTER_ID, LAST_UPDT_PNTTM, LAST_UPDUSR_ID) 
VALUES ('COM010', 'PRVU001', '사용자 관련 권한', '사용자 관련 권한', 'Y', sysdate(), 'SYSTEM', sysdate(), 'SYSTEM');
INSERT INTO COMTC_CMMN_DETAIL_CODE(CODE_ID, CODE, CODE_NM, CODE_DC, USE_AT, FRST_REGIST_PNTTM, FRST_REGISTER_ID, LAST_UPDT_PNTTM, LAST_UPDUSR_ID) 
VALUES ('COM010', 'PRVA001', '어플리케이션 관련 권한', '어플리케이션 관련 권한', 'Y', sysdate(), 'SYSTEM', sysdate(), 'SYSTEM');
INSERT INTO COMTC_CMMN_DETAIL_CODE(CODE_ID, CODE, CODE_NM, CODE_DC, USE_AT, FRST_REGIST_PNTTM, FRST_REGISTER_ID, LAST_UPDT_PNTTM, LAST_UPDUSR_ID) 
VALUES ('COM010', 'PRVB001', '게시판 관련 권한', '게시판 관련 권한', 'Y', sysdate(), 'SYSTEM', sysdate(), 'SYSTEM');
INSERT INTO COMTC_CMMN_DETAIL_CODE(CODE_ID, CODE, CODE_NM, CODE_DC, USE_AT, FRST_REGIST_PNTTM, FRST_REGISTER_ID, LAST_UPDT_PNTTM, LAST_UPDUSR_ID) 
VALUES ('COM010', 'PRVC001', '커뮤니티 관련 권한', '커뮤니티 관련 권한', 'Y', sysdate(), 'SYSTEM', sysdate(), 'SYSTEM');

INSERT INTO COMTC_CMMN_DETAIL_CODE(CODE_ID, CODE, CODE_NM, CODE_DC, USE_AT, FRST_REGIST_PNTTM, FRST_REGISTER_ID, LAST_UPDT_PNTTM, LAST_UPDUSR_ID) 
VALUES ('COM011', 'ROLS001', '시스템 관리 최상위 롤', '시스템 관리 최상위 롤', 'Y', sysdate(), 'SYSTEM', sysdate(), 'SYSTEM');
INSERT INTO COMTC_CMMN_DETAIL_CODE(CODE_ID, CODE, CODE_NM, CODE_DC, USE_AT, FRST_REGIST_PNTTM, FRST_REGISTER_ID, LAST_UPDT_PNTTM, LAST_UPDUSR_ID) 
VALUES ('COM011', 'ROLS002', '시스템 접근(view) 롤', '시스템 접근(view) 롤', 'Y', sysdate(), 'SYSTEM', sysdate(), 'SYSTEM');
INSERT INTO COMTC_CMMN_DETAIL_CODE(CODE_ID, CODE, CODE_NM, CODE_DC, USE_AT, FRST_REGIST_PNTTM, FRST_REGISTER_ID, LAST_UPDT_PNTTM, LAST_UPDUSR_ID) 
VALUES ('COM011', 'ROLS003', '시스템 설정 등록/변경 롤', '시스템 설정 등록/변경 롤', 'Y', sysdate(), 'SYSTEM', sysdate(), 'SYSTEM');
INSERT INTO COMTC_CMMN_DETAIL_CODE(CODE_ID, CODE, CODE_NM, CODE_DC, USE_AT, FRST_REGIST_PNTTM, FRST_REGISTER_ID, LAST_UPDT_PNTTM, LAST_UPDUSR_ID) 
VALUES ('COM011', 'ROLS004', '시스템 파일 등록/변경 롤', '시스템 파일 등록/변경 롤', 'Y', sysdate(), 'SYSTEM', sysdate(), 'SYSTEM');
INSERT INTO COMTC_CMMN_DETAIL_CODE(CODE_ID, CODE, CODE_NM, CODE_DC, USE_AT, FRST_REGIST_PNTTM, FRST_REGISTER_ID, LAST_UPDT_PNTTM, LAST_UPDUSR_ID) 
VALUES ('COM011', 'ROLD001', '데이터베이스 관련 최상위 롤', '데이터베이스 관련 최상위 롤', 'Y', sysdate(), 'SYSTEM', sysdate(), 'SYSTEM');
INSERT INTO COMTC_CMMN_DETAIL_CODE(CODE_ID, CODE, CODE_NM, CODE_DC, USE_AT, FRST_REGIST_PNTTM, FRST_REGISTER_ID, LAST_UPDT_PNTTM, LAST_UPDUSR_ID) 
VALUES ('COM011', 'ROLD002', '데이터베이스 스키마 등록/변경 롤', '데이터베이스 스키마 등록/변경 롤', 'Y', sysdate(), 'SYSTEM', sysdate(), 'SYSTEM');
INSERT INTO COMTC_CMMN_DETAIL_CODE(CODE_ID, CODE, CODE_NM, CODE_DC, USE_AT, FRST_REGIST_PNTTM, FRST_REGISTER_ID, LAST_UPDT_PNTTM, LAST_UPDUSR_ID) 
VALUES ('COM011', 'ROLD003', '데이터 조회 롤', '데이터 조회 롤', 'Y', sysdate(), 'SYSTEM', sysdate(), 'SYSTEM');
INSERT INTO COMTC_CMMN_DETAIL_CODE(CODE_ID, CODE, CODE_NM, CODE_DC, USE_AT, FRST_REGIST_PNTTM, FRST_REGISTER_ID, LAST_UPDT_PNTTM, LAST_UPDUSR_ID) 
VALUES ('COM011', 'ROLD004', '데이터 등록/변경 롤', '데이터 등록/변경 롤', 'Y', sysdate(), 'SYSTEM', sysdate(), 'SYSTEM');
INSERT INTO COMTC_CMMN_DETAIL_CODE(CODE_ID, CODE, CODE_NM, CODE_DC, USE_AT, FRST_REGIST_PNTTM, FRST_REGISTER_ID, LAST_UPDT_PNTTM, LAST_UPDUSR_ID) 
VALUES ('COM011', 'ROLU001', '사용자 관련 최상위 롤', '사용자 관련 최상위 롤', 'Y', sysdate(), 'SYSTEM', sysdate(), 'SYSTEM');
INSERT INTO COMTC_CMMN_DETAIL_CODE(CODE_ID, CODE, CODE_NM, CODE_DC, USE_AT, FRST_REGIST_PNTTM, FRST_REGISTER_ID, LAST_UPDT_PNTTM, LAST_UPDUSR_ID) 
VALUES ('COM011', 'ROLU002', '업무 시스템 사용자 관리 롤', '업무 시스템 사용자 관리 롤', 'Y', sysdate(), 'SYSTEM', sysdate(), 'SYSTEM');
INSERT INTO COMTC_CMMN_DETAIL_CODE(CODE_ID, CODE, CODE_NM, CODE_DC, USE_AT, FRST_REGIST_PNTTM, FRST_REGISTER_ID, LAST_UPDT_PNTTM, LAST_UPDUSR_ID) 
VALUES ('COM011', 'ROLU003', '기업회원 시스템 사용자 관리 롤', '기업회원 시스템 사용자 관리 롤', 'Y', sysdate(), 'SYSTEM', sysdate(), 'SYSTEM');
INSERT INTO COMTC_CMMN_DETAIL_CODE(CODE_ID, CODE, CODE_NM, CODE_DC, USE_AT, FRST_REGIST_PNTTM, FRST_REGISTER_ID, LAST_UPDT_PNTTM, LAST_UPDUSR_ID) 
VALUES ('COM011', 'ROLU004', '일반회원 시스템 사용자 관리 롤', '일반회원 시스템 사용자 관리 롤', 'Y', sysdate(), 'SYSTEM', sysdate(), 'SYSTEM');
INSERT INTO COMTC_CMMN_DETAIL_CODE(CODE_ID, CODE, CODE_NM, CODE_DC, USE_AT, FRST_REGIST_PNTTM, FRST_REGISTER_ID, LAST_UPDT_PNTTM, LAST_UPDUSR_ID) 
VALUES ('COM011', 'ROLU005', '게시판 사용자 관리 롤', '게시판 사용자 관리 롤', 'Y', sysdate(), 'SYSTEM', sysdate(), 'SYSTEM');
INSERT INTO COMTC_CMMN_DETAIL_CODE(CODE_ID, CODE, CODE_NM, CODE_DC, USE_AT, FRST_REGIST_PNTTM, FRST_REGISTER_ID, LAST_UPDT_PNTTM, LAST_UPDUSR_ID) 
VALUES ('COM011', 'ROLU006', '커뮤니티 사용자 관리 롤', '커뮤니티 사용자 관리 롤', 'Y', sysdate(), 'SYSTEM', sysdate(), 'SYSTEM');
INSERT INTO COMTC_CMMN_DETAIL_CODE(CODE_ID, CODE, CODE_NM, CODE_DC, USE_AT, FRST_REGIST_PNTTM, FRST_REGISTER_ID, LAST_UPDT_PNTTM, LAST_UPDUSR_ID) 
VALUES ('COM011', 'ROLA001', '어플리케이션 관련 최상위 롤', '어플리케이션 관련 최상위 롤', 'Y', sysdate(), 'SYSTEM', sysdate(), 'SYSTEM');
INSERT INTO COMTC_CMMN_DETAIL_CODE(CODE_ID, CODE, CODE_NM, CODE_DC, USE_AT, FRST_REGIST_PNTTM, FRST_REGISTER_ID, LAST_UPDT_PNTTM, LAST_UPDUSR_ID) 
VALUES ('COM011', 'ROLA002', '업무 어플리케이션 접근 롤', '업무 어플리케이션 접근 롤', 'Y', sysdate(), 'SYSTEM', sysdate(), 'SYSTEM');
INSERT INTO COMTC_CMMN_DETAIL_CODE(CODE_ID, CODE, CODE_NM, CODE_DC, USE_AT, FRST_REGIST_PNTTM, FRST_REGISTER_ID, LAST_UPDT_PNTTM, LAST_UPDUSR_ID) 
VALUES ('COM011', 'ROLA003', '업무 어플리케이션 관리 롤', '업무 어플리케이션 관리 롤', 'Y', sysdate(), 'SYSTEM', sysdate(), 'SYSTEM');
INSERT INTO COMTC_CMMN_DETAIL_CODE(CODE_ID, CODE, CODE_NM, CODE_DC, USE_AT, FRST_REGIST_PNTTM, FRST_REGISTER_ID, LAST_UPDT_PNTTM, LAST_UPDUSR_ID) 
VALUES ('COM011', 'ROLA004', '일반 어플리케이션 접근 롤', '일반 어플리케이션 접근 롤', 'Y', sysdate(), 'SYSTEM', sysdate(), 'SYSTEM');
INSERT INTO COMTC_CMMN_DETAIL_CODE(CODE_ID, CODE, CODE_NM, CODE_DC, USE_AT, FRST_REGIST_PNTTM, FRST_REGISTER_ID, LAST_UPDT_PNTTM, LAST_UPDUSR_ID) 
VALUES ('COM011', 'ROLA005', '일반 어프리케이션 관리 롤', '일반 어프리케이션 관리 롤', 'Y', sysdate(), 'SYSTEM', sysdate(), 'SYSTEM');
INSERT INTO COMTC_CMMN_DETAIL_CODE(CODE_ID, CODE, CODE_NM, CODE_DC, USE_AT, FRST_REGIST_PNTTM, FRST_REGISTER_ID, LAST_UPDT_PNTTM, LAST_UPDUSR_ID) 
VALUES ('COM011', 'ROLA006', '어플리케이션 약관 관리 롤', '어플리케이션 약관 관리 롤', 'Y', sysdate(), 'SYSTEM', sysdate(), 'SYSTEM');
INSERT INTO COMTC_CMMN_DETAIL_CODE(CODE_ID, CODE, CODE_NM, CODE_DC, USE_AT, FRST_REGIST_PNTTM, FRST_REGISTER_ID, LAST_UPDT_PNTTM, LAST_UPDUSR_ID) 
VALUES ('COM011', 'ROLA007', '어플리케이션 저작권 관리 롤', '어플리케이션 저작권 관리 롤', 'Y', sysdate(), 'SYSTEM', sysdate(), 'SYSTEM');
INSERT INTO COMTC_CMMN_DETAIL_CODE(CODE_ID, CODE, CODE_NM, CODE_DC, USE_AT, FRST_REGIST_PNTTM, FRST_REGISTER_ID, LAST_UPDT_PNTTM, LAST_UPDUSR_ID) 
VALUES ('COM011', 'ROLA008', '통계 및 보고서 접근 롤', '통계 및 보고서 접근 롤', 'Y', sysdate(), 'SYSTEM', sysdate(), 'SYSTEM');
INSERT INTO COMTC_CMMN_DETAIL_CODE(CODE_ID, CODE, CODE_NM, CODE_DC, USE_AT, FRST_REGIST_PNTTM, FRST_REGISTER_ID, LAST_UPDT_PNTTM, LAST_UPDUSR_ID) 
VALUES ('COM011', 'ROLB001', '게시판 관련 최상위 롤', '게시판 관련 최상위 롤', 'Y', sysdate(), 'SYSTEM', sysdate(), 'SYSTEM');
INSERT INTO COMTC_CMMN_DETAIL_CODE(CODE_ID, CODE, CODE_NM, CODE_DC, USE_AT, FRST_REGIST_PNTTM, FRST_REGISTER_ID, LAST_UPDT_PNTTM, LAST_UPDUSR_ID) 
VALUES ('COM011', 'ROLB002', '게시판 생성 롤', '게시판 생성 롤', 'Y', sysdate(), 'SYSTEM', sysdate(), 'SYSTEM');
INSERT INTO COMTC_CMMN_DETAIL_CODE(CODE_ID, CODE, CODE_NM, CODE_DC, USE_AT, FRST_REGIST_PNTTM, FRST_REGISTER_ID, LAST_UPDT_PNTTM, LAST_UPDUSR_ID) 
VALUES ('COM011', 'ROLB003', '게시판 접근 롤', '게시판 접근 롤', 'Y', sysdate(), 'SYSTEM', sysdate(), 'SYSTEM');
INSERT INTO COMTC_CMMN_DETAIL_CODE(CODE_ID, CODE, CODE_NM, CODE_DC, USE_AT, FRST_REGIST_PNTTM, FRST_REGISTER_ID, LAST_UPDT_PNTTM, LAST_UPDUSR_ID) 
VALUES ('COM011', 'ROLB004', '게시판 글쓰기 롤', '게시판 글쓰기 롤', 'Y', sysdate(), 'SYSTEM', sysdate(), 'SYSTEM');
INSERT INTO COMTC_CMMN_DETAIL_CODE(CODE_ID, CODE, CODE_NM, CODE_DC, USE_AT, FRST_REGIST_PNTTM, FRST_REGISTER_ID, LAST_UPDT_PNTTM, LAST_UPDUSR_ID) 
VALUES ('COM011', 'ROLB005', '게시판 글 수정/삭제 롤', '게시판 글 수정/삭제 롤', 'Y', sysdate(), 'SYSTEM', sysdate(), 'SYSTEM');
INSERT INTO COMTC_CMMN_DETAIL_CODE(CODE_ID, CODE, CODE_NM, CODE_DC, USE_AT, FRST_REGIST_PNTTM, FRST_REGISTER_ID, LAST_UPDT_PNTTM, LAST_UPDUSR_ID) 
VALUES ('COM011', 'ROLC001', '커뮤니티 관련 최상위 롤', '커뮤니티 관련 최상위 롤', 'Y', sysdate(), 'SYSTEM', sysdate(), 'SYSTEM');
INSERT INTO COMTC_CMMN_DETAIL_CODE(CODE_ID, CODE, CODE_NM, CODE_DC, USE_AT, FRST_REGIST_PNTTM, FRST_REGISTER_ID, LAST_UPDT_PNTTM, LAST_UPDUSR_ID) 
VALUES ('COM011', 'ROLC002', '커뮤니티 생성 롤', '커뮤니티 생성 롤', 'Y', sysdate(), 'SYSTEM', sysdate(), 'SYSTEM');
INSERT INTO COMTC_CMMN_DETAIL_CODE(CODE_ID, CODE, CODE_NM, CODE_DC, USE_AT, FRST_REGIST_PNTTM, FRST_REGISTER_ID, LAST_UPDT_PNTTM, LAST_UPDUSR_ID) 
VALUES ('COM011', 'ROLC003', '커뮤니티 접근 롤', '커뮤니티 접근 롤', 'Y', sysdate(), 'SYSTEM', sysdate(), 'SYSTEM');
INSERT INTO COMTC_CMMN_DETAIL_CODE(CODE_ID, CODE, CODE_NM, CODE_DC, USE_AT, FRST_REGIST_PNTTM, FRST_REGISTER_ID, LAST_UPDT_PNTTM, LAST_UPDUSR_ID) 
VALUES ('COM011', 'ROLC004', '커뮤니티 글쓰기 롤', '커뮤니티 글쓰기 롤', 'Y', sysdate(), 'SYSTEM', sysdate(), 'SYSTEM');
INSERT INTO COMTC_CMMN_DETAIL_CODE(CODE_ID, CODE, CODE_NM, CODE_DC, USE_AT, FRST_REGIST_PNTTM, FRST_REGISTER_ID, LAST_UPDT_PNTTM, LAST_UPDUSR_ID) 
VALUES ('COM011', 'ROLC005', '커뮤니티 글 수정/삭제 롤', '커뮤니티 글 수정/삭제 롤', 'Y', sysdate(), 'SYSTEM', sysdate(), 'SYSTEM');
INSERT INTO COMTC_CMMN_DETAIL_CODE(CODE_ID, CODE, CODE_NM, CODE_DC, USE_AT, FRST_REGIST_PNTTM, FRST_REGISTER_ID, LAST_UPDT_PNTTM, LAST_UPDUSR_ID) 
VALUES ('COM011', 'ROLC006', '파일 업로드 롤', '파일 업로드 롤', 'Y', sysdate(), 'SYSTEM', sysdate(), 'SYSTEM');

INSERT INTO COMTC_CMMN_DETAIL_CODE(CODE_ID, CODE, CODE_NM, CODE_DC, USE_AT, FRST_REGIST_PNTTM, FRST_REGISTER_ID, LAST_UPDT_PNTTM, LAST_UPDUSR_ID) 
VALUES ('COM012', 'USR01', '일반 회원 유형', '일반 회원 유형', 'Y', sysdate(), 'SYSTEM', sysdate(), 'SYSTEM');
INSERT INTO COMTC_CMMN_DETAIL_CODE(CODE_ID, CODE, CODE_NM, CODE_DC, USE_AT, FRST_REGIST_PNTTM, FRST_REGISTER_ID, LAST_UPDT_PNTTM, LAST_UPDUSR_ID) 
VALUES ('COM012', 'USR02', '기업 회원 유형', '기업 회원 유형', 'Y', sysdate(), 'SYSTEM', sysdate(), 'SYSTEM');
INSERT INTO COMTC_CMMN_DETAIL_CODE(CODE_ID, CODE, CODE_NM, CODE_DC, USE_AT, FRST_REGIST_PNTTM, FRST_REGISTER_ID, LAST_UPDT_PNTTM, LAST_UPDUSR_ID) 
VALUES ('COM012', 'USR03', '업무 담당자(사용자) 유형', '업무 담당자(사용자) 유형', 'Y', sysdate(), 'SYSTEM', sysdate(), 'SYSTEM');
INSERT INTO COMTC_CMMN_DETAIL_CODE(CODE_ID, CODE, CODE_NM, CODE_DC, USE_AT, FRST_REGIST_PNTTM, FRST_REGISTER_ID, LAST_UPDT_PNTTM, LAST_UPDUSR_ID) 
VALUES ('COM012', 'USR99', '사용자 유형 최상위 롤', '사용자 유형 최상위 롤', 'Y', sysdate(), 'SYSTEM', sysdate(), 'SYSTEM');

INSERT INTO COMTC_CMMN_DETAIL_CODE(CODE_ID, CODE, CODE_NM, CODE_DC, USE_AT, FRST_REGIST_PNTTM, FRST_REGISTER_ID, LAST_UPDT_PNTTM, LAST_UPDUSR_ID) 
VALUES ('COM013', 'A', '회원 가입 신청 상태', '회원 가입 신청 상태', 'Y', sysdate(), 'SYSTEM', sysdate(), 'SYSTEM');
INSERT INTO COMTC_CMMN_DETAIL_CODE(CODE_ID, CODE, CODE_NM, CODE_DC, USE_AT, FRST_REGIST_PNTTM, FRST_REGISTER_ID, LAST_UPDT_PNTTM, LAST_UPDUSR_ID) 
VALUES ('COM013', 'P', '회원 가입 승인 상태', '회원 가입 승인 상태', 'Y', sysdate(), 'SYSTEM', sysdate(), 'SYSTEM');
INSERT INTO COMTC_CMMN_DETAIL_CODE(CODE_ID, CODE, CODE_NM, CODE_DC, USE_AT, FRST_REGIST_PNTTM, FRST_REGISTER_ID, LAST_UPDT_PNTTM, LAST_UPDUSR_ID) 
VALUES ('COM013', 'D', '회원 가입 삭제 상태', '회원 가입 삭제 상태', 'Y', sysdate(), 'SYSTEM', sysdate(), 'SYSTEM');

INSERT INTO COMTC_CMMN_DETAIL_CODE(CODE_ID, CODE, CODE_NM, CODE_DC, USE_AT, FRST_REGIST_PNTTM, FRST_REGISTER_ID, LAST_UPDT_PNTTM, LAST_UPDUSR_ID) 
VALUES ('COM014', 'M', '남자', '남자', 'Y', sysdate(), 'SYSTEM', sysdate(), 'SYSTEM');
INSERT INTO COMTC_CMMN_DETAIL_CODE(CODE_ID, CODE, CODE_NM, CODE_DC, USE_AT, FRST_REGIST_PNTTM, FRST_REGISTER_ID, LAST_UPDT_PNTTM, LAST_UPDUSR_ID) 
VALUES ('COM014', 'F', '여자', '여자', 'Y', sysdate(), 'SYSTEM', sysdate(), 'SYSTEM');

INSERT INTO COMTC_CMMN_DETAIL_CODE(CODE_ID, CODE, CODE_NM, CODE_DC, USE_AT, FRST_REGIST_PNTTM, FRST_REGISTER_ID, LAST_UPDT_PNTTM, LAST_UPDUSR_ID) 
VALUES ('COM015', 'ATH01', '주민등록번호 인증', '주민등록번호 인증', 'Y', sysdate(), 'SYSTEM', sysdate(), 'SYSTEM');
INSERT INTO COMTC_CMMN_DETAIL_CODE(CODE_ID, CODE, CODE_NM, CODE_DC, USE_AT, FRST_REGIST_PNTTM, FRST_REGISTER_ID, LAST_UPDT_PNTTM, LAST_UPDUSR_ID) 
VALUES ('COM015', 'ATH02', 'GPIN 인증', 'GPIN 인증', 'Y', sysdate(), 'SYSTEM', sysdate(), 'SYSTEM');

INSERT INTO COMTC_CMMN_DETAIL_CODE(CODE_ID, CODE, CODE_NM, CODE_DC, USE_AT, FRST_REGIST_PNTTM, FRST_REGISTER_ID, LAST_UPDT_PNTTM, LAST_UPDUSR_ID) 
VALUES ('COM016', 'PUR01', '프로그램 변경 요청 신청', '프로그램 변경 요청 신청', 'Y', sysdate(), 'SYSTEM', sysdate(), 'SYSTEM');
INSERT INTO COMTC_CMMN_DETAIL_CODE(CODE_ID, CODE, CODE_NM, CODE_DC, USE_AT, FRST_REGIST_PNTTM, FRST_REGISTER_ID, LAST_UPDT_PNTTM, LAST_UPDUSR_ID) 
VALUES ('COM016', 'PUR02', '프로그램 변경 요청 수락', '프로그램 변경 요청 수락', 'Y', sysdate(), 'SYSTEM', sysdate(), 'SYSTEM');
INSERT INTO COMTC_CMMN_DETAIL_CODE(CODE_ID, CODE, CODE_NM, CODE_DC, USE_AT, FRST_REGIST_PNTTM, FRST_REGISTER_ID, LAST_UPDT_PNTTM, LAST_UPDUSR_ID) 
VALUES ('COM016', 'PUR03', '프로그램 변경 진행', '프로그램 변경 진행', 'Y', sysdate(), 'SYSTEM', sysdate(), 'SYSTEM');
INSERT INTO COMTC_CMMN_DETAIL_CODE(CODE_ID, CODE, CODE_NM, CODE_DC, USE_AT, FRST_REGIST_PNTTM, FRST_REGISTER_ID, LAST_UPDT_PNTTM, LAST_UPDUSR_ID) 
VALUES ('COM016', 'PUR04', '프로그램 변경 완료', '프로그램 변경 완료', 'Y', sysdate(), 'SYSTEM', sysdate(), 'SYSTEM');
INSERT INTO COMTC_CMMN_DETAIL_CODE(CODE_ID, CODE, CODE_NM, CODE_DC, USE_AT, FRST_REGIST_PNTTM, FRST_REGISTER_ID, LAST_UPDT_PNTTM, LAST_UPDUSR_ID) 
VALUES ('COM016', 'PUR05', '프로그램 변경 이관', '프로그램 변경 이관', 'Y', sysdate(), 'SYSTEM', sysdate(), 'SYSTEM');

INSERT INTO COMTC_CMMN_DETAIL_CODE(CODE_ID, CODE, CODE_NM, CODE_DC, USE_AT, FRST_REGIST_PNTTM, FRST_REGISTER_ID, LAST_UPDT_PNTTM, LAST_UPDUSR_ID) 
VALUES ('COM017', '01', '법정휴일', '법정휴일', 'Y', sysdate(), 'SYSTEM', sysdate(), 'SYSTEM');
INSERT INTO COMTC_CMMN_DETAIL_CODE(CODE_ID, CODE, CODE_NM, CODE_DC, USE_AT, FRST_REGIST_PNTTM, FRST_REGISTER_ID, LAST_UPDT_PNTTM, LAST_UPDUSR_ID) 
VALUES ('COM017', '02', '법정공휴일', '법정공휴일', 'Y', sysdate(), 'SYSTEM', sysdate(), 'SYSTEM');
INSERT INTO COMTC_CMMN_DETAIL_CODE(CODE_ID, CODE, CODE_NM, CODE_DC, USE_AT, FRST_REGIST_PNTTM, FRST_REGISTER_ID, LAST_UPDT_PNTTM, LAST_UPDUSR_ID) 
VALUES ('COM017', '03', '임시공휴일', '임시공휴일', 'Y', sysdate(), 'SYSTEM', sysdate(), 'SYSTEM');

INSERT INTO COMTC_CMMN_DETAIL_CODE(CODE_ID, CODE, CODE_NM, CODE_DC, USE_AT, FRST_REGIST_PNTTM, FRST_REGISTER_ID, LAST_UPDT_PNTTM, LAST_UPDUSR_ID) 
VALUES ('COM018', '1', '객관식', '객관식', 'Y', sysdate(), 'SYSTEM', sysdate(), 'SYSTEM');
INSERT INTO COMTC_CMMN_DETAIL_CODE(CODE_ID, CODE, CODE_NM, CODE_DC, USE_AT, FRST_REGIST_PNTTM, FRST_REGISTER_ID, LAST_UPDT_PNTTM, LAST_UPDUSR_ID) 
VALUES ('COM018', '2', '주관식', '주관식', 'Y', sysdate(), 'SYSTEM', sysdate(), 'SYSTEM');

INSERT INTO COMTC_CMMN_DETAIL_CODE(CODE_ID, CODE, CODE_NM, CODE_DC, USE_AT, FRST_REGIST_PNTTM, FRST_REGISTER_ID, LAST_UPDT_PNTTM, LAST_UPDUSR_ID) 
VALUES ('COM019', 'A', '높음', '높음', 'Y', sysdate(), 'SYSTEM', sysdate(), 'SYSTEM');
INSERT INTO COMTC_CMMN_DETAIL_CODE(CODE_ID, CODE, CODE_NM, CODE_DC, USE_AT, FRST_REGIST_PNTTM, FRST_REGISTER_ID, LAST_UPDT_PNTTM, LAST_UPDUSR_ID) 
VALUES ('COM019', 'B', '보통', '보통', 'Y', sysdate(), 'SYSTEM', sysdate(), 'SYSTEM');
INSERT INTO COMTC_CMMN_DETAIL_CODE(CODE_ID, CODE, CODE_NM, CODE_DC, USE_AT, FRST_REGIST_PNTTM, FRST_REGISTER_ID, LAST_UPDT_PNTTM, LAST_UPDUSR_ID) 
VALUES ('COM019', 'C', '낮음', '낮음', 'Y', sysdate(), 'SYSTEM', sysdate(), 'SYSTEM');

INSERT INTO COMTC_CMMN_DETAIL_CODE(CODE_ID, CODE, CODE_NM, CODE_DC, USE_AT, FRST_REGIST_PNTTM, FRST_REGISTER_ID, LAST_UPDT_PNTTM, LAST_UPDUSR_ID) 
VALUES ('COM020', '1', '부서일정관리', '부서일정관리', 'Y', sysdate(), 'SYSTEM', sysdate(), 'SYSTEM');
INSERT INTO COMTC_CMMN_DETAIL_CODE(CODE_ID, CODE, CODE_NM, CODE_DC, USE_AT, FRST_REGIST_PNTTM, FRST_REGISTER_ID, LAST_UPDT_PNTTM, LAST_UPDUSR_ID) 
VALUES ('COM020', '2', '일정관리', '일정관리', 'Y', sysdate(), 'SYSTEM', sysdate(), 'SYSTEM');

INSERT INTO COMTC_CMMN_DETAIL_CODE(CODE_ID, CODE, CODE_NM, CODE_DC, USE_AT, FRST_REGIST_PNTTM, FRST_REGISTER_ID, LAST_UPDT_PNTTM, LAST_UPDUSR_ID) 
VALUES ('COM021', '1', '기능설명', '기능설명', 'Y', sysdate(), 'SYSTEM', sysdate(), 'SYSTEM');
INSERT INTO COMTC_CMMN_DETAIL_CODE(CODE_ID, CODE, CODE_NM, CODE_DC, USE_AT, FRST_REGIST_PNTTM, FRST_REGISTER_ID, LAST_UPDT_PNTTM, LAST_UPDUSR_ID) 
VALUES ('COM021', '2', '절차설명', '절차설명', 'Y', sysdate(), 'SYSTEM', sysdate(), 'SYSTEM');

INSERT INTO COMTC_CMMN_DETAIL_CODE(CODE_ID, CODE, CODE_NM, CODE_DC, USE_AT, FRST_REGIST_PNTTM, FRST_REGISTER_ID, LAST_UPDT_PNTTM, LAST_UPDUSR_ID) 
VALUES ('COM022', 'P01', '가장 기억에 남는 장소는?', '가장 기억에 남는 장소는?', 'Y', sysdate(), 'SYSTEM', sysdate(), 'SYSTEM');
INSERT INTO COMTC_CMMN_DETAIL_CODE(CODE_ID, CODE, CODE_NM, CODE_DC, USE_AT, FRST_REGIST_PNTTM, FRST_REGISTER_ID, LAST_UPDT_PNTTM, LAST_UPDUSR_ID) 
VALUES ('COM022', 'P02', '나의 좌우명은?', '나의 좌우명은?', 'Y', sysdate(), 'SYSTEM', sysdate(), 'SYSTEM');
INSERT INTO COMTC_CMMN_DETAIL_CODE(CODE_ID, CODE, CODE_NM, CODE_DC, USE_AT, FRST_REGIST_PNTTM, FRST_REGISTER_ID, LAST_UPDT_PNTTM, LAST_UPDUSR_ID) 
VALUES ('COM022', 'P03', '나의 보물 제1호는?', '나의 보물 제1호는?', 'Y', sysdate(), 'SYSTEM', sysdate(), 'SYSTEM');
INSERT INTO COMTC_CMMN_DETAIL_CODE(CODE_ID, CODE, CODE_NM, CODE_DC, USE_AT, FRST_REGIST_PNTTM, FRST_REGISTER_ID, LAST_UPDT_PNTTM, LAST_UPDUSR_ID) 
VALUES ('COM022', 'P04', '가장 기억에 남는 선생님 성함은?', '가장 기억에 남는 선생님 성함은?', 'Y', sysdate(), 'SYSTEM', sysdate(), 'SYSTEM');
INSERT INTO COMTC_CMMN_DETAIL_CODE(CODE_ID, CODE, CODE_NM, CODE_DC, USE_AT, FRST_REGIST_PNTTM, FRST_REGISTER_ID, LAST_UPDT_PNTTM, LAST_UPDUSR_ID) 
VALUES ('COM022', 'P05', '다른 사람은 모르는 나만의 신체비밀은?', '다른 사람은 모르는 나만의 신체비밀은?', 'Y', sysdate(), 'SYSTEM', sysdate(), 'SYSTEM');
INSERT INTO COMTC_CMMN_DETAIL_CODE(CODE_ID, CODE, CODE_NM, CODE_DC, USE_AT, FRST_REGIST_PNTTM, FRST_REGISTER_ID, LAST_UPDT_PNTTM, LAST_UPDUSR_ID) 
VALUES ('COM022', 'P06', '오래도록 기억하고 싶은 날짜는?', '오래도록 기억하고 싶은 날짜는?', 'Y', sysdate(), 'SYSTEM', sysdate(), 'SYSTEM');
INSERT INTO COMTC_CMMN_DETAIL_CODE(CODE_ID, CODE, CODE_NM, CODE_DC, USE_AT, FRST_REGIST_PNTTM, FRST_REGISTER_ID, LAST_UPDT_PNTTM, LAST_UPDUSR_ID) 
VALUES ('COM022', 'P07', '받았던 선물 중 기억에 남는 독특한 선물은?', '받았던 선물 중 기억에 남는 독특한 선물은?', 'Y', sysdate(), 'SYSTEM', sysdate(), 'SYSTEM');
INSERT INTO COMTC_CMMN_DETAIL_CODE(CODE_ID, CODE, CODE_NM, CODE_DC, USE_AT, FRST_REGIST_PNTTM, FRST_REGISTER_ID, LAST_UPDT_PNTTM, LAST_UPDUSR_ID) 
VALUES ('COM022', 'P08', '가장 생각나는 친구 이름은?', '가장 생각나는 친구 이름은?', 'Y', sysdate(), 'SYSTEM', sysdate(), 'SYSTEM');
INSERT INTO COMTC_CMMN_DETAIL_CODE(CODE_ID, CODE, CODE_NM, CODE_DC, USE_AT, FRST_REGIST_PNTTM, FRST_REGISTER_ID, LAST_UPDT_PNTTM, LAST_UPDUSR_ID) 
VALUES ('COM022', 'P09', '인상 깊게 읽은 책 이름은?', '인상 깊게 읽은 책 이름은?', 'Y', sysdate(), 'SYSTEM', sysdate(), 'SYSTEM');
INSERT INTO COMTC_CMMN_DETAIL_CODE(CODE_ID, CODE, CODE_NM, CODE_DC, USE_AT, FRST_REGIST_PNTTM, FRST_REGISTER_ID, LAST_UPDT_PNTTM, LAST_UPDUSR_ID) 
VALUES ('COM022', 'P10', '내가 존경하는 인물은?', '내가 존경하는 인물은?', 'Y', sysdate(), 'SYSTEM', sysdate(), 'SYSTEM');
INSERT INTO COMTC_CMMN_DETAIL_CODE(CODE_ID, CODE, CODE_NM, CODE_DC, USE_AT, FRST_REGIST_PNTTM, FRST_REGISTER_ID, LAST_UPDT_PNTTM, LAST_UPDUSR_ID) 
VALUES ('COM022', 'P11', '나의 노래방 애창곡은?', '나의 노래방 애창곡은?', 'Y', sysdate(), 'SYSTEM', sysdate(), 'SYSTEM');
INSERT INTO COMTC_CMMN_DETAIL_CODE(CODE_ID, CODE, CODE_NM, CODE_DC, USE_AT, FRST_REGIST_PNTTM, FRST_REGISTER_ID, LAST_UPDT_PNTTM, LAST_UPDUSR_ID) 
VALUES ('COM022', 'P12', '가장 감명깊게 본 영화는?', '가장 감명깊게 본 영화는?', 'Y', sysdate(), 'SYSTEM', sysdate(), 'SYSTEM');
INSERT INTO COMTC_CMMN_DETAIL_CODE(CODE_ID, CODE, CODE_NM, CODE_DC, USE_AT, FRST_REGIST_PNTTM, FRST_REGISTER_ID, LAST_UPDT_PNTTM, LAST_UPDUSR_ID) 
VALUES ('COM022', 'P13', '좋아하는 스포츠팀 이름은?', '좋아하는 스포츠팀 이름은?', 'Y', sysdate(), 'SYSTEM', sysdate(), 'SYSTEM');

INSERT INTO COMTC_CMMN_DETAIL_CODE(CODE_ID, CODE, CODE_NM, CODE_DC, USE_AT, FRST_REGIST_PNTTM, FRST_REGISTER_ID, LAST_UPDT_PNTTM, LAST_UPDUSR_ID) 
VALUES ('COM023', '01', '경제', '경제', 'Y', sysdate(), 'SYSTEM', sysdate(), 'SYSTEM');
INSERT INTO COMTC_CMMN_DETAIL_CODE(CODE_ID, CODE, CODE_NM, CODE_DC, USE_AT, FRST_REGIST_PNTTM, FRST_REGISTER_ID, LAST_UPDT_PNTTM, LAST_UPDUSR_ID) 
VALUES ('COM023', '02', '전산', '전산', 'Y', sysdate(), 'SYSTEM', sysdate(), 'SYSTEM');
INSERT INTO COMTC_CMMN_DETAIL_CODE(CODE_ID, CODE, CODE_NM, CODE_DC, USE_AT, FRST_REGIST_PNTTM, FRST_REGISTER_ID, LAST_UPDT_PNTTM, LAST_UPDUSR_ID) 
VALUES ('COM023', '03', '행정', '행정', 'Y', sysdate(), 'SYSTEM', sysdate(), 'SYSTEM');

INSERT INTO COMTC_CMMN_DETAIL_CODE(CODE_ID, CODE, CODE_NM, CODE_DC, USE_AT, FRST_REGIST_PNTTM, FRST_REGISTER_ID, LAST_UPDT_PNTTM, LAST_UPDUSR_ID) 
VALUES ('COM024', 'R', '요청', '요청', 'Y', sysdate(), 'SYSTEM', sysdate(), 'SYSTEM');
INSERT INTO COMTC_CMMN_DETAIL_CODE(CODE_ID, CODE, CODE_NM, CODE_DC, USE_AT, FRST_REGIST_PNTTM, FRST_REGISTER_ID, LAST_UPDT_PNTTM, LAST_UPDUSR_ID) 
VALUES ('COM024', 'F', '실패', '실패', 'Y', sysdate(), 'SYSTEM', sysdate(), 'SYSTEM');
INSERT INTO COMTC_CMMN_DETAIL_CODE(CODE_ID, CODE, CODE_NM, CODE_DC, USE_AT, FRST_REGIST_PNTTM, FRST_REGISTER_ID, LAST_UPDT_PNTTM, LAST_UPDUSR_ID) 
VALUES ('COM024', 'C', '완료', '완료', 'Y', sysdate(), 'SYSTEM', sysdate(), 'SYSTEM');

INSERT INTO COMTC_CMMN_DETAIL_CODE(CODE_ID, CODE, CODE_NM, CODE_DC, USE_AT, FRST_REGIST_PNTTM, FRST_REGISTER_ID, LAST_UPDT_PNTTM, LAST_UPDUSR_ID) 
VALUES ('COM025', '00000001', '공공기관', '공공기관', 'Y', sysdate(), 'SYSTEM', sysdate(), 'SYSTEM');
INSERT INTO COMTC_CMMN_DETAIL_CODE(CODE_ID, CODE, CODE_NM, CODE_DC, USE_AT, FRST_REGIST_PNTTM, FRST_REGISTER_ID, LAST_UPDT_PNTTM, LAST_UPDUSR_ID) 
VALUES ('COM025', '00000002', '금융기관', '금융기관', 'Y', sysdate(), 'SYSTEM', sysdate(), 'SYSTEM');
INSERT INTO COMTC_CMMN_DETAIL_CODE(CODE_ID, CODE, CODE_NM, CODE_DC, USE_AT, FRST_REGIST_PNTTM, FRST_REGISTER_ID, LAST_UPDT_PNTTM, LAST_UPDUSR_ID) 
VALUES ('COM025', '00000003', '교육기관', '교육기관', 'Y', sysdate(), 'SYSTEM', sysdate(), 'SYSTEM');
INSERT INTO COMTC_CMMN_DETAIL_CODE(CODE_ID, CODE, CODE_NM, CODE_DC, USE_AT, FRST_REGIST_PNTTM, FRST_REGISTER_ID, LAST_UPDT_PNTTM, LAST_UPDUSR_ID) 
VALUES ('COM025', '00000004', '의료기관', '의료기관', 'Y', sysdate(), 'SYSTEM', sysdate(), 'SYSTEM');

INSERT INTO COMTC_CMMN_DETAIL_CODE(CODE_ID, CODE, CODE_NM, CODE_DC, USE_AT, FRST_REGIST_PNTTM, FRST_REGISTER_ID, LAST_UPDT_PNTTM, LAST_UPDUSR_ID) 
VALUES ('COM026', 'C0000001', '대기업', '대기업', 'Y', sysdate(), 'SYSTEM', sysdate(), 'SYSTEM');
INSERT INTO COMTC_CMMN_DETAIL_CODE(CODE_ID, CODE, CODE_NM, CODE_DC, USE_AT, FRST_REGIST_PNTTM, FRST_REGISTER_ID, LAST_UPDT_PNTTM, LAST_UPDUSR_ID) 
VALUES ('COM026', 'C0000002', '중소기업', '중소기업', 'Y', sysdate(), 'SYSTEM', sysdate(), 'SYSTEM');
INSERT INTO COMTC_CMMN_DETAIL_CODE(CODE_ID, CODE, CODE_NM, CODE_DC, USE_AT, FRST_REGIST_PNTTM, FRST_REGISTER_ID, LAST_UPDT_PNTTM, LAST_UPDUSR_ID) 
VALUES ('COM026', 'C0000003', '다국적기업', '다국적기업', 'Y', sysdate(), 'SYSTEM', sysdate(), 'SYSTEM');

INSERT INTO COMTC_CMMN_DETAIL_CODE(CODE_ID, CODE, CODE_NM, CODE_DC, USE_AT, FRST_REGIST_PNTTM, FRST_REGISTER_ID, LAST_UPDT_PNTTM, LAST_UPDUSR_ID) 
VALUES ('COM027', 'A', '축산업', '축산업', 'Y', sysdate(), 'SYSTEM', sysdate(), 'SYSTEM');
INSERT INTO COMTC_CMMN_DETAIL_CODE(CODE_ID, CODE, CODE_NM, CODE_DC, USE_AT, FRST_REGIST_PNTTM, FRST_REGISTER_ID, LAST_UPDT_PNTTM, LAST_UPDUSR_ID) 
VALUES ('COM027', 'B', '어업', '어업', 'Y', sysdate(), 'SYSTEM', sysdate(), 'SYSTEM');
INSERT INTO COMTC_CMMN_DETAIL_CODE(CODE_ID, CODE, CODE_NM, CODE_DC, USE_AT, FRST_REGIST_PNTTM, FRST_REGISTER_ID, LAST_UPDT_PNTTM, LAST_UPDUSR_ID) 
VALUES ('COM027', 'C', '광업', '광업', 'Y', sysdate(), 'SYSTEM', sysdate(), 'SYSTEM');
INSERT INTO COMTC_CMMN_DETAIL_CODE(CODE_ID, CODE, CODE_NM, CODE_DC, USE_AT, FRST_REGIST_PNTTM, FRST_REGISTER_ID, LAST_UPDT_PNTTM, LAST_UPDUSR_ID) 
VALUES ('COM027', 'D', '제조업', '제조업', 'Y', sysdate(), 'SYSTEM', sysdate(), 'SYSTEM');
INSERT INTO COMTC_CMMN_DETAIL_CODE(CODE_ID, CODE, CODE_NM, CODE_DC, USE_AT, FRST_REGIST_PNTTM, FRST_REGISTER_ID, LAST_UPDT_PNTTM, LAST_UPDUSR_ID) 
VALUES ('COM027', 'E', '전기,가스및수도사업', '전기,가스및수도사업', 'Y', sysdate(), 'SYSTEM', sysdate(), 'SYSTEM');
INSERT INTO COMTC_CMMN_DETAIL_CODE(CODE_ID, CODE, CODE_NM, CODE_DC, USE_AT, FRST_REGIST_PNTTM, FRST_REGISTER_ID, LAST_UPDT_PNTTM, LAST_UPDUSR_ID) 
VALUES ('COM027', 'F', '건설업', '건설업', 'Y', sysdate(), 'SYSTEM', sysdate(), 'SYSTEM');
INSERT INTO COMTC_CMMN_DETAIL_CODE(CODE_ID, CODE, CODE_NM, CODE_DC, USE_AT, FRST_REGIST_PNTTM, FRST_REGISTER_ID, LAST_UPDT_PNTTM, LAST_UPDUSR_ID) 
VALUES ('COM027', 'G', '도소매 및 소비자용품수리업', '도소매 및 소비자용품수리업', 'Y', sysdate(), 'SYSTEM', sysdate(), 'SYSTEM');
INSERT INTO COMTC_CMMN_DETAIL_CODE(CODE_ID, CODE, CODE_NM, CODE_DC, USE_AT, FRST_REGIST_PNTTM, FRST_REGISTER_ID, LAST_UPDT_PNTTM, LAST_UPDUSR_ID) 
VALUES ('COM027', 'H', '숙박및음식점', '숙박및음식점', 'Y', sysdate(), 'SYSTEM', sysdate(), 'SYSTEM');
INSERT INTO COMTC_CMMN_DETAIL_CODE(CODE_ID, CODE, CODE_NM, CODE_DC, USE_AT, FRST_REGIST_PNTTM, FRST_REGISTER_ID, LAST_UPDT_PNTTM, LAST_UPDUSR_ID) 
VALUES ('COM027', 'I', '운수창고및통신업', '운수창고및통신업', 'Y', sysdate(), 'SYSTEM', sysdate(), 'SYSTEM');
INSERT INTO COMTC_CMMN_DETAIL_CODE(CODE_ID, CODE, CODE_NM, CODE_DC, USE_AT, FRST_REGIST_PNTTM, FRST_REGISTER_ID, LAST_UPDT_PNTTM, LAST_UPDUSR_ID) 
VALUES ('COM027', 'J', '금융및보험업', '금융및보험업', 'Y', sysdate(), 'SYSTEM', sysdate(), 'SYSTEM');
INSERT INTO COMTC_CMMN_DETAIL_CODE(CODE_ID, CODE, CODE_NM, CODE_DC, USE_AT, FRST_REGIST_PNTTM, FRST_REGISTER_ID, LAST_UPDT_PNTTM, LAST_UPDUSR_ID) 
VALUES ('COM027', 'K', '부동산,임대및사업서비스업', '부동산,임대및사업서비스업', 'Y', sysdate(), 'SYSTEM', sysdate(), 'SYSTEM');
INSERT INTO COMTC_CMMN_DETAIL_CODE(CODE_ID, CODE, CODE_NM, CODE_DC, USE_AT, FRST_REGIST_PNTTM, FRST_REGISTER_ID, LAST_UPDT_PNTTM, LAST_UPDUSR_ID) 
VALUES ('COM027', 'M', '교육서비스업', '교육서비스업', 'Y', sysdate(), 'SYSTEM', sysdate(), 'SYSTEM');
INSERT INTO COMTC_CMMN_DETAIL_CODE(CODE_ID, CODE, CODE_NM, CODE_DC, USE_AT, FRST_REGIST_PNTTM, FRST_REGISTER_ID, LAST_UPDT_PNTTM, LAST_UPDUSR_ID) 
VALUES ('COM027', 'N', '보건업', '보건업', 'Y', sysdate(), 'SYSTEM', sysdate(), 'SYSTEM');
INSERT INTO COMTC_CMMN_DETAIL_CODE(CODE_ID, CODE, CODE_NM, CODE_DC, USE_AT, FRST_REGIST_PNTTM, FRST_REGISTER_ID, LAST_UPDT_PNTTM, LAST_UPDUSR_ID) 
VALUES ('COM027', 'O', '기타공공,사회및개인서비스업', '기타공공,사회및개인서비스업', 'Y', sysdate(), 'SYSTEM', sysdate(), 'SYSTEM');
INSERT INTO COMTC_CMMN_DETAIL_CODE(CODE_ID, CODE, CODE_NM, CODE_DC, USE_AT, FRST_REGIST_PNTTM, FRST_REGISTER_ID, LAST_UPDT_PNTTM, LAST_UPDUSR_ID) 
VALUES ('COM027', 'P', '가사서비스업', '가사서비스업', 'Y', sysdate(), 'SYSTEM', sysdate(), 'SYSTEM');

INSERT INTO COMTC_CMMN_DETAIL_CODE(CODE_ID, CODE, CODE_NM, CODE_DC, USE_AT, FRST_REGIST_PNTTM, FRST_REGISTER_ID, LAST_UPDT_PNTTM, LAST_UPDUSR_ID) 
VALUES ('COM028', '1', '접수대기', '접수대기', 'Y', sysdate(), 'SYSTEM', sysdate(), 'SYSTEM');
INSERT INTO COMTC_CMMN_DETAIL_CODE(CODE_ID, CODE, CODE_NM, CODE_DC, USE_AT, FRST_REGIST_PNTTM, FRST_REGISTER_ID, LAST_UPDT_PNTTM, LAST_UPDUSR_ID) 
VALUES ('COM028', '2', '접수', '접수', 'Y', sysdate(), 'SYSTEM', sysdate(), 'SYSTEM');
INSERT INTO COMTC_CMMN_DETAIL_CODE(CODE_ID, CODE, CODE_NM, CODE_DC, USE_AT, FRST_REGIST_PNTTM, FRST_REGISTER_ID, LAST_UPDT_PNTTM, LAST_UPDUSR_ID) 
VALUES ('COM028', '3', '완료', '완료', 'Y', sysdate(), 'SYSTEM', sysdate(), 'SYSTEM');

INSERT INTO COMTC_CMMN_DETAIL_CODE(CODE_ID, CODE, CODE_NM, CODE_DC, USE_AT, FRST_REGIST_PNTTM, FRST_REGISTER_ID, LAST_UPDT_PNTTM, LAST_UPDUSR_ID) 
VALUES ('COM029', 'method', 'METHOD', 'METHOD', 'Y', sysdate(), 'SYSTEM', sysdate(), 'SYSTEM');
INSERT INTO COMTC_CMMN_DETAIL_CODE(CODE_ID, CODE, CODE_NM, CODE_DC, USE_AT, FRST_REGIST_PNTTM, FRST_REGISTER_ID, LAST_UPDT_PNTTM, LAST_UPDUSR_ID) 
VALUES ('COM029', 'pointcut', 'POINTCUT', 'POINTCUT', 'Y', sysdate(), 'SYSTEM', sysdate(), 'SYSTEM');
INSERT INTO COMTC_CMMN_DETAIL_CODE(CODE_ID, CODE, CODE_NM, CODE_DC, USE_AT, FRST_REGIST_PNTTM, FRST_REGISTER_ID, LAST_UPDT_PNTTM, LAST_UPDUSR_ID) 
VALUES ('COM029', 'url', 'URL', 'URL', 'Y', sysdate(), 'SYSTEM', sysdate(), 'SYSTEM');

INSERT INTO COMTC_CMMN_DETAIL_CODE(CODE_ID, CODE, CODE_NM, CODE_DC, USE_AT, FRST_REGIST_PNTTM, FRST_REGISTER_ID, LAST_UPDT_PNTTM, LAST_UPDUSR_ID) 
VALUES ('COM030', '1', '회의', '회의', 'Y', sysdate(), 'SYSTEM', sysdate(), 'SYSTEM');
INSERT INTO COMTC_CMMN_DETAIL_CODE(CODE_ID, CODE, CODE_NM, CODE_DC, USE_AT, FRST_REGIST_PNTTM, FRST_REGISTER_ID, LAST_UPDT_PNTTM, LAST_UPDUSR_ID) 
VALUES ('COM030', '2', '세미나', '세미나', 'Y', sysdate(), 'SYSTEM', sysdate(), 'SYSTEM');
INSERT INTO COMTC_CMMN_DETAIL_CODE(CODE_ID, CODE, CODE_NM, CODE_DC, USE_AT, FRST_REGIST_PNTTM, FRST_REGISTER_ID, LAST_UPDT_PNTTM, LAST_UPDUSR_ID) 
VALUES ('COM030', '3', '강의', '강의', 'Y', sysdate(), 'SYSTEM', sysdate(), 'SYSTEM');
INSERT INTO COMTC_CMMN_DETAIL_CODE(CODE_ID, CODE, CODE_NM, CODE_DC, USE_AT, FRST_REGIST_PNTTM, FRST_REGISTER_ID, LAST_UPDT_PNTTM, LAST_UPDUSR_ID) 
VALUES ('COM030', '4', '교육', '교육', 'Y', sysdate(), 'SYSTEM', sysdate(), 'SYSTEM');
INSERT INTO COMTC_CMMN_DETAIL_CODE(CODE_ID, CODE, CODE_NM, CODE_DC, USE_AT, FRST_REGIST_PNTTM, FRST_REGISTER_ID, LAST_UPDT_PNTTM, LAST_UPDUSR_ID) 
VALUES ('COM030', '5', '기타', '기타', 'Y', sysdate(), 'SYSTEM', sysdate(), 'SYSTEM');

INSERT INTO COMTC_CMMN_DETAIL_CODE(CODE_ID, CODE, CODE_NM, CODE_DC, USE_AT, FRST_REGIST_PNTTM, FRST_REGISTER_ID, LAST_UPDT_PNTTM, LAST_UPDUSR_ID) 
VALUES ('COM031', '1', '당일', '당일', 'Y', sysdate(), 'SYSTEM', sysdate(), 'SYSTEM');
INSERT INTO COMTC_CMMN_DETAIL_CODE(CODE_ID, CODE, CODE_NM, CODE_DC, USE_AT, FRST_REGIST_PNTTM, FRST_REGISTER_ID, LAST_UPDT_PNTTM, LAST_UPDUSR_ID) 
VALUES ('COM031', '2', '반복', '반복', 'Y', sysdate(), 'SYSTEM', sysdate(), 'SYSTEM');
INSERT INTO COMTC_CMMN_DETAIL_CODE(CODE_ID, CODE, CODE_NM, CODE_DC, USE_AT, FRST_REGIST_PNTTM, FRST_REGISTER_ID, LAST_UPDT_PNTTM, LAST_UPDUSR_ID) 
VALUES ('COM031', '3', '연속', '연속', 'Y', sysdate(), 'SYSTEM', sysdate(), 'SYSTEM');
INSERT INTO COMTC_CMMN_DETAIL_CODE(CODE_ID, CODE, CODE_NM, CODE_DC, USE_AT, FRST_REGIST_PNTTM, FRST_REGISTER_ID, LAST_UPDT_PNTTM, LAST_UPDUSR_ID) 
VALUES ('COM031', '4', '요일반복', '요일반복', 'Y', sysdate(), 'SYSTEM', sysdate(), 'SYSTEM');

INSERT INTO COMTC_CMMN_DETAIL_CODE(CODE_ID, CODE, CODE_NM, CODE_DC, USE_AT, FRST_REGIST_PNTTM, FRST_REGISTER_ID, LAST_UPDT_PNTTM, LAST_UPDUSR_ID) 
VALUES ('COM032', 'WC01', '회원가입', '회원가입', 'Y', sysdate(), 'SYSTEM', sysdate(), 'SYSTEM');
INSERT INTO COMTC_CMMN_DETAIL_CODE(CODE_ID, CODE, CODE_NM, CODE_DC, USE_AT, FRST_REGIST_PNTTM, FRST_REGISTER_ID, LAST_UPDT_PNTTM, LAST_UPDUSR_ID) 
VALUES ('COM032', 'WC02', '사용자등록', '사용자등록', 'Y', sysdate(), 'SYSTEM', sysdate(), 'SYSTEM');
INSERT INTO COMTC_CMMN_DETAIL_CODE(CODE_ID, CODE, CODE_NM, CODE_DC, USE_AT, FRST_REGIST_PNTTM, FRST_REGISTER_ID, LAST_UPDT_PNTTM, LAST_UPDUSR_ID) 
VALUES ('COM032', 'WC03', '회원탈퇴', '회원탈퇴', 'Y', sysdate(), 'SYSTEM', sysdate(), 'SYSTEM');
INSERT INTO COMTC_CMMN_DETAIL_CODE(CODE_ID, CODE, CODE_NM, CODE_DC, USE_AT, FRST_REGIST_PNTTM, FRST_REGISTER_ID, LAST_UPDT_PNTTM, LAST_UPDUSR_ID) 
VALUES ('COM032', 'WC04', '사용자삭제', '사용자삭제', 'Y', sysdate(), 'SYSTEM', sysdate(), 'SYSTEM');
INSERT INTO COMTC_CMMN_DETAIL_CODE(CODE_ID, CODE, CODE_NM, CODE_DC, USE_AT, FRST_REGIST_PNTTM, FRST_REGISTER_ID, LAST_UPDT_PNTTM, LAST_UPDUSR_ID) 
VALUES ('COM032', 'WC05', '커뮤니티등록', '커뮤니티등록', 'Y', sysdate(), 'SYSTEM', sysdate(), 'SYSTEM');
INSERT INTO COMTC_CMMN_DETAIL_CODE(CODE_ID, CODE, CODE_NM, CODE_DC, USE_AT, FRST_REGIST_PNTTM, FRST_REGISTER_ID, LAST_UPDT_PNTTM, LAST_UPDUSR_ID) 
VALUES ('COM032', 'WC06', '동호회등록', '동호회등록', 'Y', sysdate(), 'SYSTEM', sysdate(), 'SYSTEM');
INSERT INTO COMTC_CMMN_DETAIL_CODE(CODE_ID, CODE, CODE_NM, CODE_DC, USE_AT, FRST_REGIST_PNTTM, FRST_REGISTER_ID, LAST_UPDT_PNTTM, LAST_UPDUSR_ID) 
VALUES ('COM032', 'WC07', '커뮤니티폐쇄', '커뮤니티폐쇄', 'Y', sysdate(), 'SYSTEM', sysdate(), 'SYSTEM');
INSERT INTO COMTC_CMMN_DETAIL_CODE(CODE_ID, CODE, CODE_NM, CODE_DC, USE_AT, FRST_REGIST_PNTTM, FRST_REGISTER_ID, LAST_UPDT_PNTTM, LAST_UPDUSR_ID) 
VALUES ('COM032', 'WC08', '동호회폐쇄', '동호회폐쇄', 'Y', sysdate(), 'SYSTEM', sysdate(), 'SYSTEM');
INSERT INTO COMTC_CMMN_DETAIL_CODE(CODE_ID, CODE, CODE_NM, CODE_DC, USE_AT, FRST_REGIST_PNTTM, FRST_REGISTER_ID, LAST_UPDT_PNTTM, LAST_UPDUSR_ID) 
VALUES ('COM032', 'WC09', '게시판등록', '게시판등록', 'Y', sysdate(), 'SYSTEM', sysdate(), 'SYSTEM');
INSERT INTO COMTC_CMMN_DETAIL_CODE(CODE_ID, CODE, CODE_NM, CODE_DC, USE_AT, FRST_REGIST_PNTTM, FRST_REGISTER_ID, LAST_UPDT_PNTTM, LAST_UPDUSR_ID) 
VALUES ('COM032', 'WC10', '게시판폐쇄', '게시판폐쇄', 'Y', sysdate(), 'SYSTEM', sysdate(), 'SYSTEM');

INSERT INTO COMTC_CMMN_DETAIL_CODE(CODE_ID, CODE, CODE_NM, CODE_DC, USE_AT, FRST_REGIST_PNTTM, FRST_REGISTER_ID, LAST_UPDT_PNTTM, LAST_UPDUSR_ID) 
VALUES ('COM033', 'C', '생성', '생성', 'Y', sysdate(), 'SYSTEM', sysdate(), 'SYSTEM');
INSERT INTO COMTC_CMMN_DETAIL_CODE(CODE_ID, CODE, CODE_NM, CODE_DC, USE_AT, FRST_REGIST_PNTTM, FRST_REGISTER_ID, LAST_UPDT_PNTTM, LAST_UPDUSR_ID) 
VALUES ('COM033', 'R', '조회', '조회', 'Y', sysdate(), 'SYSTEM', sysdate(), 'SYSTEM');
INSERT INTO COMTC_CMMN_DETAIL_CODE(CODE_ID, CODE, CODE_NM, CODE_DC, USE_AT, FRST_REGIST_PNTTM, FRST_REGISTER_ID, LAST_UPDT_PNTTM, LAST_UPDUSR_ID) 
VALUES ('COM033', 'U', '수정', '수정', 'Y', sysdate(), 'SYSTEM', sysdate(), 'SYSTEM');
INSERT INTO COMTC_CMMN_DETAIL_CODE(CODE_ID, CODE, CODE_NM, CODE_DC, USE_AT, FRST_REGIST_PNTTM, FRST_REGISTER_ID, LAST_UPDT_PNTTM, LAST_UPDUSR_ID) 
VALUES ('COM033', 'D', '삭제', '삭제', 'Y', sysdate(), 'SYSTEM', sysdate(), 'SYSTEM');

INSERT INTO COMTC_CMMN_DETAIL_CODE(CODE_ID, CODE, CODE_NM, CODE_DC, USE_AT, FRST_REGIST_PNTTM, FRST_REGISTER_ID, LAST_UPDT_PNTTM, LAST_UPDUSR_ID) 
VALUES ('COM034', '1', '학생', '학생', 'Y', sysdate(), 'SYSTEM', sysdate(), 'SYSTEM');
INSERT INTO COMTC_CMMN_DETAIL_CODE(CODE_ID, CODE, CODE_NM, CODE_DC, USE_AT, FRST_REGIST_PNTTM, FRST_REGISTER_ID, LAST_UPDT_PNTTM, LAST_UPDUSR_ID) 
VALUES ('COM034', '2', '대학생', '대학생', 'Y', sysdate(), 'SYSTEM', sysdate(), 'SYSTEM');
INSERT INTO COMTC_CMMN_DETAIL_CODE(CODE_ID, CODE, CODE_NM, CODE_DC, USE_AT, FRST_REGIST_PNTTM, FRST_REGISTER_ID, LAST_UPDT_PNTTM, LAST_UPDUSR_ID) 
VALUES ('COM034', '3', '군인', '군인', 'Y', sysdate(), 'SYSTEM', sysdate(), 'SYSTEM');
INSERT INTO COMTC_CMMN_DETAIL_CODE(CODE_ID, CODE, CODE_NM, CODE_DC, USE_AT, FRST_REGIST_PNTTM, FRST_REGISTER_ID, LAST_UPDT_PNTTM, LAST_UPDUSR_ID) 
VALUES ('COM034', '4', '교사', '교사', 'Y', sysdate(), 'SYSTEM', sysdate(), 'SYSTEM');
INSERT INTO COMTC_CMMN_DETAIL_CODE(CODE_ID, CODE, CODE_NM, CODE_DC, USE_AT, FRST_REGIST_PNTTM, FRST_REGISTER_ID, LAST_UPDT_PNTTM, LAST_UPDUSR_ID) 
VALUES ('COM034', '5', '기타', '기타', 'Y', sysdate(), 'SYSTEM', sysdate(), 'SYSTEM');

INSERT INTO COMTC_CMMN_DETAIL_CODE(CODE_ID, CODE, CODE_NM, CODE_DC, USE_AT, FRST_REGIST_PNTTM, FRST_REGISTER_ID, LAST_UPDT_PNTTM, LAST_UPDUSR_ID) 
VALUES ('COM035', '1', '행사', '행사', 'Y', sysdate(), 'SYSTEM', sysdate(), 'SYSTEM');
INSERT INTO COMTC_CMMN_DETAIL_CODE(CODE_ID, CODE, CODE_NM, CODE_DC, USE_AT, FRST_REGIST_PNTTM, FRST_REGISTER_ID, LAST_UPDT_PNTTM, LAST_UPDUSR_ID) 
VALUES ('COM035', '2', '이벤트', '이벤트', 'Y', sysdate(), 'SYSTEM', sysdate(), 'SYSTEM');
INSERT INTO COMTC_CMMN_DETAIL_CODE(CODE_ID, CODE, CODE_NM, CODE_DC, USE_AT, FRST_REGIST_PNTTM, FRST_REGISTER_ID, LAST_UPDT_PNTTM, LAST_UPDUSR_ID) 
VALUES ('COM035', '3', '캠페인', '캠페인', 'Y', sysdate(), 'SYSTEM', sysdate(), 'SYSTEM');

INSERT INTO COMTC_CMMN_DETAIL_CODE(CODE_ID, CODE, CODE_NM, CODE_DC, USE_AT, FRST_REGIST_PNTTM, FRST_REGISTER_ID, LAST_UPDT_PNTTM, LAST_UPDUSR_ID) 
VALUES ('COM036', '01', '작성', '작성', 'Y',sysdate(), 'SYSTEM',sysdate(), 'SYSTEM');
INSERT INTO COMTC_CMMN_DETAIL_CODE(CODE_ID, CODE, CODE_NM, CODE_DC, USE_AT, FRST_REGIST_PNTTM, FRST_REGISTER_ID, LAST_UPDT_PNTTM, LAST_UPDUSR_ID) 
VALUES ('COM036', '02', '상신', '상신', 'Y',sysdate(), 'SYSTEM',sysdate(), 'SYSTEM');
INSERT INTO COMTC_CMMN_DETAIL_CODE(CODE_ID, CODE, CODE_NM, CODE_DC, USE_AT, FRST_REGIST_PNTTM, FRST_REGISTER_ID, LAST_UPDT_PNTTM, LAST_UPDUSR_ID) 
VALUES ('COM036', '03', '반려', '반려', 'Y',sysdate(), 'SYSTEM',sysdate(), 'SYSTEM');
INSERT INTO COMTC_CMMN_DETAIL_CODE(CODE_ID, CODE, CODE_NM, CODE_DC, USE_AT, FRST_REGIST_PNTTM, FRST_REGISTER_ID, LAST_UPDT_PNTTM, LAST_UPDUSR_ID) 
VALUES ('COM036', '04', '결재완료', '결재완료', 'Y',sysdate(), 'SYSTEM',sysdate(), 'SYSTEM');

INSERT INTO COMTC_CMMN_DETAIL_CODE(CODE_ID, CODE, CODE_NM, CODE_DC, USE_AT, FRST_REGIST_PNTTM, FRST_REGISTER_ID, LAST_UPDT_PNTTM, LAST_UPDUSR_ID) 
VALUES ('COM038', 'N', 'N', '아니오', 'Y',sysdate(), 'SYSTEM',sysdate(), 'SYSTEM');
INSERT INTO COMTC_CMMN_DETAIL_CODE(CODE_ID, CODE, CODE_NM, CODE_DC, USE_AT, FRST_REGIST_PNTTM, FRST_REGISTER_ID, LAST_UPDT_PNTTM, LAST_UPDUSR_ID) 
VALUES ('COM038', 'Y', 'Y', '예', 'Y', sysdate(), 'SYSTEM', sysdate(), 'SYSTEM');

INSERT INTO COMTC_CMMN_DETAIL_CODE(CODE_ID, CODE, CODE_NM, CODE_DC, USE_AT, FRST_REGIST_PNTTM, FRST_REGISTER_ID, LAST_UPDT_PNTTM, LAST_UPDUSR_ID) 
VALUES ('COM039', '001', '사회', '사회', 'Y', sysdate(), 'SYSTEM', sysdate(), 'SYSTEM');
INSERT INTO COMTC_CMMN_DETAIL_CODE(CODE_ID, CODE, CODE_NM, CODE_DC, USE_AT, FRST_REGIST_PNTTM, FRST_REGISTER_ID, LAST_UPDT_PNTTM, LAST_UPDUSR_ID) 
VALUES ('COM039', '002', '정치', '정치', 'Y', sysdate(), 'SYSTEM', sysdate(), 'SYSTEM');
INSERT INTO COMTC_CMMN_DETAIL_CODE(CODE_ID, CODE, CODE_NM, CODE_DC, USE_AT, FRST_REGIST_PNTTM, FRST_REGISTER_ID, LAST_UPDT_PNTTM, LAST_UPDUSR_ID) 
VALUES ('COM039', '003', '경제', '경제', 'Y', sysdate(), 'SYSTEM', sysdate(), 'SYSTEM');
INSERT INTO COMTC_CMMN_DETAIL_CODE(CODE_ID, CODE, CODE_NM, CODE_DC, USE_AT, FRST_REGIST_PNTTM, FRST_REGISTER_ID, LAST_UPDT_PNTTM, LAST_UPDUSR_ID) 
VALUES ('COM039', '004', '문화', '문화', 'Y', sysdate(), 'SYSTEM', sysdate(), 'SYSTEM');
INSERT INTO COMTC_CMMN_DETAIL_CODE(CODE_ID, CODE, CODE_NM, CODE_DC, USE_AT, FRST_REGIST_PNTTM, FRST_REGISTER_ID, LAST_UPDT_PNTTM, LAST_UPDUSR_ID) 
VALUES ('COM039', '005', '인문', '인문', 'Y', sysdate(), 'SYSTEM', sysdate(), 'SYSTEM');
INSERT INTO COMTC_CMMN_DETAIL_CODE(CODE_ID, CODE, CODE_NM, CODE_DC, USE_AT, FRST_REGIST_PNTTM, FRST_REGISTER_ID, LAST_UPDT_PNTTM, LAST_UPDUSR_ID) 
VALUES ('COM039', '006', '공학', '공학', 'Y', sysdate(), 'SYSTEM', sysdate(), 'SYSTEM');
INSERT INTO COMTC_CMMN_DETAIL_CODE(CODE_ID, CODE, CODE_NM, CODE_DC, USE_AT, FRST_REGIST_PNTTM, FRST_REGISTER_ID, LAST_UPDT_PNTTM, LAST_UPDUSR_ID) 
VALUES ('COM039', '007', '기타', '기타', 'Y', sysdate(), 'SYSTEM', sysdate(), 'SYSTEM');

INSERT INTO COMTC_CMMN_DETAIL_CODE(CODE_ID, CODE, CODE_NM, CODE_DC, USE_AT, FRST_REGIST_PNTTM, FRST_REGISTER_ID, LAST_UPDT_PNTTM, LAST_UPDUSR_ID) 
VALUES ('COM040', '01', '휴가계획서', '휴가계획서', 'Y',sysdate(), 'SYSTEM',sysdate(), 'SYSTEM');
INSERT INTO COMTC_CMMN_DETAIL_CODE(CODE_ID, CODE, CODE_NM, CODE_DC, USE_AT, FRST_REGIST_PNTTM, FRST_REGISTER_ID, LAST_UPDT_PNTTM, LAST_UPDUSR_ID) 
VALUES ('COM040', '02', '출장보고서', '출장보고서', 'Y',sysdate(), 'SYSTEM',sysdate(), 'SYSTEM');
INSERT INTO COMTC_CMMN_DETAIL_CODE(CODE_ID, CODE, CODE_NM, CODE_DC, USE_AT, FRST_REGIST_PNTTM, FRST_REGISTER_ID, LAST_UPDT_PNTTM, LAST_UPDUSR_ID) 
VALUES ('COM040', '03', '교육보고서', '교육보고서', 'Y',sysdate(), 'SYSTEM',sysdate(), 'SYSTEM');
INSERT INTO COMTC_CMMN_DETAIL_CODE(CODE_ID, CODE, CODE_NM, CODE_DC, USE_AT, FRST_REGIST_PNTTM, FRST_REGISTER_ID, LAST_UPDT_PNTTM, LAST_UPDUSR_ID) 
VALUES ('COM040', '04', '반품요청서', '반품요청서', 'Y',sysdate(), 'SYSTEM',sysdate(), 'SYSTEM');
INSERT INTO COMTC_CMMN_DETAIL_CODE(CODE_ID, CODE, CODE_NM, CODE_DC, USE_AT, FRST_REGIST_PNTTM, FRST_REGISTER_ID, LAST_UPDT_PNTTM, LAST_UPDUSR_ID) 
VALUES ('COM040', '05', '지원요청서', '지원요청서', 'Y',sysdate(), 'SYSTEM',sysdate(), 'SYSTEM');

INSERT INTO COMTC_CMMN_DETAIL_CODE(CODE_ID, CODE, CODE_NM, CODE_DC, USE_AT, FRST_REGIST_PNTTM, FRST_REGISTER_ID, LAST_UPDT_PNTTM, LAST_UPDUSR_ID) 
VALUES ('COM041', '001', '절차설명', '절차설명', 'Y',sysdate(), 'SYSTEM',sysdate(), 'SYSTEM');
INSERT INTO COMTC_CMMN_DETAIL_CODE(CODE_ID, CODE, CODE_NM, CODE_DC, USE_AT, FRST_REGIST_PNTTM, FRST_REGISTER_ID, LAST_UPDT_PNTTM, LAST_UPDUSR_ID) 
VALUES ('COM041', '002', '기능설명', '기능설명', 'Y',sysdate(), 'SYSTEM',sysdate(), 'SYSTEM');
INSERT INTO COMTC_CMMN_DETAIL_CODE(CODE_ID, CODE, CODE_NM, CODE_DC, USE_AT, FRST_REGIST_PNTTM, FRST_REGISTER_ID, LAST_UPDT_PNTTM, LAST_UPDUSR_ID) 
VALUES ('COM041', '003', '기타설명', '기타설명', 'Y',sysdate(), 'SYSTEM',sysdate(), 'SYSTEM');

INSERT INTO COMTC_CMMN_DETAIL_CODE(CODE_ID, CODE, CODE_NM, CODE_DC, USE_AT, FRST_REGIST_PNTTM, FRST_REGISTER_ID, LAST_UPDT_PNTTM, LAST_UPDUSR_ID) 
VALUES ('COM042', '%Y', '연도별', '연도별', 'Y',sysdate(), 'SYSTEM',sysdate(), 'SYSTEM');
INSERT INTO COMTC_CMMN_DETAIL_CODE(CODE_ID, CODE, CODE_NM, CODE_DC, USE_AT, FRST_REGIST_PNTTM, FRST_REGISTER_ID, LAST_UPDT_PNTTM, LAST_UPDUSR_ID) 
VALUES ('COM042', '%Y-%m', '월별', '월별', 'Y',sysdate(), 'SYSTEM',sysdate(), 'SYSTEM');
INSERT INTO COMTC_CMMN_DETAIL_CODE(CODE_ID, CODE, CODE_NM, CODE_DC, USE_AT, FRST_REGIST_PNTTM, FRST_REGISTER_ID, LAST_UPDT_PNTTM, LAST_UPDUSR_ID) 
VALUES ('COM042', '%Y-%m-%d', '일별', '일별', 'Y',sysdate(), 'SYSTEM',sysdate(), 'SYSTEM');

INSERT INTO COMTC_CMMN_DETAIL_CODE(CODE_ID, CODE, CODE_NM, CODE_DC, USE_AT, FRST_REGIST_PNTTM, FRST_REGISTER_ID, LAST_UPDT_PNTTM, LAST_UPDUSR_ID) 
VALUES ('COM043', '01', '생성', '생성', 'Y', sysdate(), 'SYSTEM', sysdate(), 'SYSTEM');
INSERT INTO COMTC_CMMN_DETAIL_CODE(CODE_ID, CODE, CODE_NM, CODE_DC, USE_AT, FRST_REGIST_PNTTM, FRST_REGISTER_ID, LAST_UPDT_PNTTM, LAST_UPDUSR_ID) 
VALUES ('COM043', '02', '변경', '변경', 'Y', sysdate(), 'SYSTEM', sysdate(), 'SYSTEM');
INSERT INTO COMTC_CMMN_DETAIL_CODE(CODE_ID, CODE, CODE_NM, CODE_DC, USE_AT, FRST_REGIST_PNTTM, FRST_REGISTER_ID, LAST_UPDT_PNTTM, LAST_UPDUSR_ID) 
VALUES ('COM043', '03', '말소', '말소', 'Y', sysdate(), 'SYSTEM', sysdate(), 'SYSTEM');

INSERT INTO COMTC_CMMN_DETAIL_CODE(CODE_ID, CODE, CODE_NM, CODE_DC, USE_AT, FRST_REGIST_PNTTM, FRST_REGISTER_ID, LAST_UPDT_PNTTM, LAST_UPDUSR_ID) 
VALUES ('COM044', '00', '수신처리', '수신처리', 'Y', sysdate(), 'SYSTEM', sysdate(), 'SYSTEM');
INSERT INTO COMTC_CMMN_DETAIL_CODE(CODE_ID, CODE, CODE_NM, CODE_DC, USE_AT, FRST_REGIST_PNTTM, FRST_REGISTER_ID, LAST_UPDT_PNTTM, LAST_UPDUSR_ID) 
VALUES ('COM044', '01', '처리완료', '처리완료', 'Y', sysdate(), 'SYSTEM', sysdate(), 'SYSTEM');
INSERT INTO COMTC_CMMN_DETAIL_CODE(CODE_ID, CODE, CODE_NM, CODE_DC, USE_AT, FRST_REGIST_PNTTM, FRST_REGISTER_ID, LAST_UPDT_PNTTM, LAST_UPDUSR_ID) 
VALUES ('COM044', '10', '기등록', '기등록', 'Y', sysdate(), 'SYSTEM', sysdate(), 'SYSTEM');
INSERT INTO COMTC_CMMN_DETAIL_CODE(CODE_ID, CODE, CODE_NM, CODE_DC, USE_AT, FRST_REGIST_PNTTM, FRST_REGISTER_ID, LAST_UPDT_PNTTM, LAST_UPDUSR_ID) 
VALUES ('COM044', '11', '생성오류', '생성오류', 'Y', sysdate(), 'SYSTEM', sysdate(), 'SYSTEM');
INSERT INTO COMTC_CMMN_DETAIL_CODE(CODE_ID, CODE, CODE_NM, CODE_DC, USE_AT, FRST_REGIST_PNTTM, FRST_REGISTER_ID, LAST_UPDT_PNTTM, LAST_UPDUSR_ID) 
VALUES ('COM044', '12', '변경오류', '변경오류', 'Y', sysdate(), 'SYSTEM', sysdate(), 'SYSTEM');
INSERT INTO COMTC_CMMN_DETAIL_CODE(CODE_ID, CODE, CODE_NM, CODE_DC, USE_AT, FRST_REGIST_PNTTM, FRST_REGISTER_ID, LAST_UPDT_PNTTM, LAST_UPDUSR_ID) 
VALUES ('COM044', '13', '말소오류', '말소오류', 'Y', sysdate(), 'SYSTEM', sysdate(), 'SYSTEM');

INSERT INTO COMTC_CMMN_DETAIL_CODE(CODE_ID, CODE, CODE_NM, CODE_DC, USE_AT, FRST_REGIST_PNTTM, FRST_REGISTER_ID, LAST_UPDT_PNTTM, LAST_UPDUSR_ID) 
VALUES ('COM046', '01', '정상', '정상', 'Y',sysdate(), 'SYSTEM',sysdate(), 'SYSTEM');
INSERT INTO COMTC_CMMN_DETAIL_CODE(CODE_ID, CODE, CODE_NM, CODE_DC, USE_AT, FRST_REGIST_PNTTM, FRST_REGISTER_ID, LAST_UPDT_PNTTM, LAST_UPDUSR_ID) 
VALUES ('COM046', '02', '비정상', '비정상', 'Y',sysdate(), 'SYSTEM',sysdate(), 'SYSTEM');

INSERT INTO COMTC_CMMN_DETAIL_CODE(CODE_ID, CODE, CODE_NM, CODE_DC, USE_AT, FRST_REGIST_PNTTM, FRST_REGISTER_ID, LAST_UPDT_PNTTM, LAST_UPDUSR_ID) 
VALUES ('COM047', '01', '매일', '매일', 'Y',sysdate(), 'SYSTEM',sysdate(), 'SYSTEM');
INSERT INTO COMTC_CMMN_DETAIL_CODE(CODE_ID, CODE, CODE_NM, CODE_DC, USE_AT, FRST_REGIST_PNTTM, FRST_REGISTER_ID, LAST_UPDT_PNTTM, LAST_UPDUSR_ID) 
VALUES ('COM047', '02', '매주', '매주', 'Y',sysdate(), 'SYSTEM',sysdate(), 'SYSTEM');
INSERT INTO COMTC_CMMN_DETAIL_CODE(CODE_ID, CODE, CODE_NM, CODE_DC, USE_AT, FRST_REGIST_PNTTM, FRST_REGISTER_ID, LAST_UPDT_PNTTM, LAST_UPDUSR_ID) 
VALUES ('COM047', '03', '매월', '매월', 'Y',sysdate(), 'SYSTEM',sysdate(), 'SYSTEM');
INSERT INTO COMTC_CMMN_DETAIL_CODE(CODE_ID, CODE, CODE_NM, CODE_DC, USE_AT, FRST_REGIST_PNTTM, FRST_REGISTER_ID, LAST_UPDT_PNTTM, LAST_UPDUSR_ID) 
VALUES ('COM047', '04', '매년', '매년', 'Y',sysdate(), 'SYSTEM',sysdate(), 'SYSTEM');
INSERT INTO COMTC_CMMN_DETAIL_CODE(CODE_ID, CODE, CODE_NM, CODE_DC, USE_AT, FRST_REGIST_PNTTM, FRST_REGISTER_ID, LAST_UPDT_PNTTM, LAST_UPDUSR_ID) 
VALUES ('COM047', '05', '한번만', '한번만', 'Y',sysdate(), 'SYSTEM',sysdate(), 'SYSTEM');

INSERT INTO COMTC_CMMN_DETAIL_CODE(CODE_ID, CODE, CODE_NM, CODE_DC, USE_AT, FRST_REGIST_PNTTM, FRST_REGISTER_ID, LAST_UPDT_PNTTM, LAST_UPDUSR_ID) 
VALUES ('COM048', '01', 'Oracle', 'Oracle', 'Y',sysdate(), 'SYSTEM',sysdate(), 'SYSTEM');
INSERT INTO COMTC_CMMN_DETAIL_CODE(CODE_ID, CODE, CODE_NM, CODE_DC, USE_AT, FRST_REGIST_PNTTM, FRST_REGISTER_ID, LAST_UPDT_PNTTM, LAST_UPDUSR_ID) 
VALUES ('COM048', '02', 'Mysql', 'Mysql', 'Y',sysdate(), 'SYSTEM',sysdate(), 'SYSTEM');
INSERT INTO COMTC_CMMN_DETAIL_CODE(CODE_ID, CODE, CODE_NM, CODE_DC, USE_AT, FRST_REGIST_PNTTM, FRST_REGISTER_ID, LAST_UPDT_PNTTM, LAST_UPDUSR_ID) 
VALUES ('COM048', '03', 'Tibero', 'Tibero', 'Y',sysdate(), 'SYSTEM',sysdate(), 'SYSTEM');
INSERT INTO COMTC_CMMN_DETAIL_CODE(CODE_ID, CODE, CODE_NM, CODE_DC, USE_AT, FRST_REGIST_PNTTM, FRST_REGISTER_ID, LAST_UPDT_PNTTM, LAST_UPDUSR_ID) 
VALUES ('COM048', '04', 'Altibase', 'Altibase', 'Y',sysdate(), 'SYSTEM',sysdate(), 'SYSTEM');

INSERT INTO COMTC_CMMN_DETAIL_CODE(CODE_ID, CODE, CODE_NM, CODE_DC, USE_AT, FRST_REGIST_PNTTM, FRST_REGISTER_ID, LAST_UPDT_PNTTM, LAST_UPDUSR_ID) 
VALUES ('COM049', '01', 'Tar', 'Tar', 'Y',sysdate(), 'SYSTEM',sysdate(), 'SYSTEM');
INSERT INTO COMTC_CMMN_DETAIL_CODE(CODE_ID, CODE, CODE_NM, CODE_DC, USE_AT, FRST_REGIST_PNTTM, FRST_REGISTER_ID, LAST_UPDT_PNTTM, LAST_UPDUSR_ID) 
VALUES ('COM049', '02', 'ZIP', 'ZIP', 'Y',sysdate(), 'SYSTEM',sysdate(), 'SYSTEM');

INSERT INTO COMTC_CMMN_DETAIL_CODE(CODE_ID, CODE, CODE_NM, CODE_DC, USE_AT, FRST_REGIST_PNTTM, FRST_REGISTER_ID, LAST_UPDT_PNTTM, LAST_UPDUSR_ID) 
VALUES ('COM050', '01', '수신', '수신', 'Y',sysdate(), 'SYSTEM', sysdate(), 'SYSTEM');
INSERT INTO COMTC_CMMN_DETAIL_CODE(CODE_ID, CODE, CODE_NM, CODE_DC, USE_AT, FRST_REGIST_PNTTM, FRST_REGISTER_ID, LAST_UPDT_PNTTM, LAST_UPDUSR_ID) 
VALUES ('COM050', '02', '참조', '참조', 'Y',sysdate(), 'SYSTEM', sysdate(), 'SYSTEM');

INSERT INTO COMTC_CMMN_DETAIL_CODE(CODE_ID, CODE, CODE_NM, CODE_DC, USE_AT, FRST_REGIST_PNTTM, FRST_REGISTER_ID, LAST_UPDT_PNTTM, LAST_UPDUSR_ID) 
VALUES ('COM051', '01', '신청중', '신청중', 'Y',sysdate(), 'SYSTEM', sysdate(), 'SYSTEM');
INSERT INTO COMTC_CMMN_DETAIL_CODE(CODE_ID, CODE, CODE_NM, CODE_DC, USE_AT, FRST_REGIST_PNTTM, FRST_REGISTER_ID, LAST_UPDT_PNTTM, LAST_UPDUSR_ID) 
VALUES ('COM051', '02', '승인', '승인', 'Y',sysdate(), 'SYSTEM', sysdate(), 'SYSTEM');
INSERT INTO COMTC_CMMN_DETAIL_CODE(CODE_ID, CODE, CODE_NM, CODE_DC, USE_AT, FRST_REGIST_PNTTM, FRST_REGISTER_ID, LAST_UPDT_PNTTM, LAST_UPDUSR_ID) 
VALUES ('COM051', '03', '반려', '반려', 'Y',sysdate(), 'SYSTEM', sysdate(), 'SYSTEM');

INSERT INTO COMTC_CMMN_DETAIL_CODE(CODE_ID, CODE, CODE_NM, CODE_DC, USE_AT, FRST_REGIST_PNTTM, FRST_REGISTER_ID, LAST_UPDT_PNTTM, LAST_UPDUSR_ID) 
VALUES ('COM052', '01', '양력', '양력', 'Y',sysdate(), 'SYSTEM', sysdate(), 'SYSTEM');
INSERT INTO COMTC_CMMN_DETAIL_CODE(CODE_ID, CODE, CODE_NM, CODE_DC, USE_AT, FRST_REGIST_PNTTM, FRST_REGISTER_ID, LAST_UPDT_PNTTM, LAST_UPDUSR_ID) 
VALUES ('COM052', '02', '음력', '음력', 'Y',sysdate(), 'SYSTEM', sysdate(), 'SYSTEM');

INSERT INTO COMTC_CMMN_DETAIL_CODE(CODE_ID, CODE, CODE_NM, CODE_DC, USE_AT, FRST_REGIST_PNTTM, FRST_REGISTER_ID, LAST_UPDT_PNTTM, LAST_UPDUSR_ID) 
VALUES ('COM053', '01', '교육', '교육', 'Y',sysdate(), 'SYSTEM', sysdate(), 'SYSTEM');
INSERT INTO COMTC_CMMN_DETAIL_CODE(CODE_ID, CODE, CODE_NM, CODE_DC, USE_AT, FRST_REGIST_PNTTM, FRST_REGISTER_ID, LAST_UPDT_PNTTM, LAST_UPDUSR_ID) 
VALUES ('COM053', '02', '세미나', '세미나', 'Y',sysdate(), 'SYSTEM', sysdate(), 'SYSTEM');
INSERT INTO COMTC_CMMN_DETAIL_CODE(CODE_ID, CODE, CODE_NM, CODE_DC, USE_AT, FRST_REGIST_PNTTM, FRST_REGISTER_ID, LAST_UPDT_PNTTM, LAST_UPDUSR_ID) 
VALUES ('COM053', '03', '홍보', '홍보', 'Y',sysdate(), 'SYSTEM', sysdate(), 'SYSTEM');
INSERT INTO COMTC_CMMN_DETAIL_CODE(CODE_ID, CODE, CODE_NM, CODE_DC, USE_AT, FRST_REGIST_PNTTM, FRST_REGISTER_ID, LAST_UPDT_PNTTM, LAST_UPDUSR_ID) 
VALUES ('COM053', '04', '단합', '단합', 'Y',sysdate(), 'SYSTEM', sysdate(), 'SYSTEM');
INSERT INTO COMTC_CMMN_DETAIL_CODE(CODE_ID, CODE, CODE_NM, CODE_DC, USE_AT, FRST_REGIST_PNTTM, FRST_REGISTER_ID, LAST_UPDT_PNTTM, LAST_UPDUSR_ID) 
VALUES ('COM053', '05', '간담회', '간담회', 'Y',sysdate(), 'SYSTEM', sysdate(), 'SYSTEM');
INSERT INTO COMTC_CMMN_DETAIL_CODE(CODE_ID, CODE, CODE_NM, CODE_DC, USE_AT, FRST_REGIST_PNTTM, FRST_REGISTER_ID, LAST_UPDT_PNTTM, LAST_UPDUSR_ID) 
VALUES ('COM053', '99', '기타', '기타', 'Y',sysdate(), 'SYSTEM', sysdate(), 'SYSTEM');

INSERT INTO COMTC_CMMN_DETAIL_CODE(CODE_ID, CODE, CODE_NM, CODE_DC, USE_AT, FRST_REGIST_PNTTM, FRST_REGISTER_ID, LAST_UPDT_PNTTM, LAST_UPDUSR_ID) 
VALUES ('COM054', '01', '결혼', '결혼', 'Y',sysdate(), 'SYSTEM', sysdate(), 'SYSTEM');
INSERT INTO COMTC_CMMN_DETAIL_CODE(CODE_ID, CODE, CODE_NM, CODE_DC, USE_AT, FRST_REGIST_PNTTM, FRST_REGISTER_ID, LAST_UPDT_PNTTM, LAST_UPDUSR_ID) 
VALUES ('COM054', '02', '출생', '출생', 'Y',sysdate(), 'SYSTEM', sysdate(), 'SYSTEM');
INSERT INTO COMTC_CMMN_DETAIL_CODE(CODE_ID, CODE, CODE_NM, CODE_DC, USE_AT, FRST_REGIST_PNTTM, FRST_REGISTER_ID, LAST_UPDT_PNTTM, LAST_UPDUSR_ID) 
VALUES ('COM054', '03', '회갑', '회갑', 'Y',sysdate(), 'SYSTEM', sysdate(), 'SYSTEM');
INSERT INTO COMTC_CMMN_DETAIL_CODE(CODE_ID, CODE, CODE_NM, CODE_DC, USE_AT, FRST_REGIST_PNTTM, FRST_REGISTER_ID, LAST_UPDT_PNTTM, LAST_UPDUSR_ID) 
VALUES ('COM054', '04', '사망', '사망', 'Y',sysdate(), 'SYSTEM', sysdate(), 'SYSTEM');
INSERT INTO COMTC_CMMN_DETAIL_CODE(CODE_ID, CODE, CODE_NM, CODE_DC, USE_AT, FRST_REGIST_PNTTM, FRST_REGISTER_ID, LAST_UPDT_PNTTM, LAST_UPDUSR_ID) 
VALUES ('COM054', '05', '출산', '출산', 'Y',sysdate(), 'SYSTEM', sysdate(), 'SYSTEM');
INSERT INTO COMTC_CMMN_DETAIL_CODE(CODE_ID, CODE, CODE_NM, CODE_DC, USE_AT, FRST_REGIST_PNTTM, FRST_REGISTER_ID, LAST_UPDT_PNTTM, LAST_UPDUSR_ID) 
VALUES ('COM054', '99', '기타', '기타', 'Y',sysdate(), 'SYSTEM', sysdate(), 'SYSTEM');

INSERT INTO COMTC_CMMN_DETAIL_CODE(CODE_ID, CODE, CODE_NM, CODE_DC, USE_AT, FRST_REGIST_PNTTM, FRST_REGISTER_ID, LAST_UPDT_PNTTM, LAST_UPDUSR_ID) 
VALUES ('COM055', '01', '우수사원', '우수사원', 'Y',sysdate(), 'SYSTEM', sysdate(), 'SYSTEM');
INSERT INTO COMTC_CMMN_DETAIL_CODE(CODE_ID, CODE, CODE_NM, CODE_DC, USE_AT, FRST_REGIST_PNTTM, FRST_REGISTER_ID, LAST_UPDT_PNTTM, LAST_UPDUSR_ID) 
VALUES ('COM055', '02', '우수팀', '우수팀', 'Y',sysdate(), 'SYSTEM', sysdate(), 'SYSTEM');
INSERT INTO COMTC_CMMN_DETAIL_CODE(CODE_ID, CODE, CODE_NM, CODE_DC, USE_AT, FRST_REGIST_PNTTM, FRST_REGISTER_ID, LAST_UPDT_PNTTM, LAST_UPDUSR_ID) 
VALUES ('COM055', '99', '기타', '기타', 'Y',sysdate(), 'SYSTEM', sysdate(), 'SYSTEM');

INSERT INTO COMTC_CMMN_DETAIL_CODE(CODE_ID, CODE, CODE_NM, CODE_DC, USE_AT, FRST_REGIST_PNTTM, FRST_REGISTER_ID, LAST_UPDT_PNTTM, LAST_UPDUSR_ID) 
VALUES ('COM056', '01', '연차휴가', '연차휴가', 'Y',sysdate(), 'SYSTEM', sysdate(), 'SYSTEM');
INSERT INTO COMTC_CMMN_DETAIL_CODE(CODE_ID, CODE, CODE_NM, CODE_DC, USE_AT, FRST_REGIST_PNTTM, FRST_REGISTER_ID, LAST_UPDT_PNTTM, LAST_UPDUSR_ID) 
VALUES ('COM056', '02', '반차휴가', '반차휴가', 'Y',sysdate(), 'SYSTEM', sysdate(), 'SYSTEM');
INSERT INTO COMTC_CMMN_DETAIL_CODE(CODE_ID, CODE, CODE_NM, CODE_DC, USE_AT, FRST_REGIST_PNTTM, FRST_REGISTER_ID, LAST_UPDT_PNTTM, LAST_UPDUSR_ID) 
VALUES ('COM056', '03', '무급휴가', '무급휴가', 'Y',sysdate(), 'SYSTEM', sysdate(), 'SYSTEM');
INSERT INTO COMTC_CMMN_DETAIL_CODE(CODE_ID, CODE, CODE_NM, CODE_DC, USE_AT, FRST_REGIST_PNTTM, FRST_REGISTER_ID, LAST_UPDT_PNTTM, LAST_UPDUSR_ID) 
VALUES ('COM056', '04', '유급휴가', '유급휴가', 'Y',sysdate(), 'SYSTEM', sysdate(), 'SYSTEM');
INSERT INTO COMTC_CMMN_DETAIL_CODE(CODE_ID, CODE, CODE_NM, CODE_DC, USE_AT, FRST_REGIST_PNTTM, FRST_REGISTER_ID, LAST_UPDT_PNTTM, LAST_UPDUSR_ID) 
VALUES ('COM056', '05', '대체휴가', '대체휴가', 'Y',sysdate(), 'SYSTEM', sysdate(), 'SYSTEM');
INSERT INTO COMTC_CMMN_DETAIL_CODE(CODE_ID, CODE, CODE_NM, CODE_DC, USE_AT, FRST_REGIST_PNTTM, FRST_REGISTER_ID, LAST_UPDT_PNTTM, LAST_UPDUSR_ID) 
VALUES ('COM056', '99', '기타', '기타', 'Y',sysdate(), 'SYSTEM', sysdate(), 'SYSTEM');

INSERT INTO COMTC_CMMN_DETAIL_CODE(CODE_ID, CODE, CODE_NM, CODE_DC, USE_AT, FRST_REGIST_PNTTM, FRST_REGISTER_ID, LAST_UPDT_PNTTM, LAST_UPDUSR_ID) 
VALUES ('COM057', '1', '회의', '회의', 'Y',sysdate(), 'SYSTEM', sysdate(), 'SYSTEM');
INSERT INTO COMTC_CMMN_DETAIL_CODE(CODE_ID, CODE, CODE_NM, CODE_DC, USE_AT, FRST_REGIST_PNTTM, FRST_REGISTER_ID, LAST_UPDT_PNTTM, LAST_UPDUSR_ID) 
VALUES ('COM057', '2', '방문', '방문', 'Y',sysdate(), 'SYSTEM', sysdate(), 'SYSTEM');
INSERT INTO COMTC_CMMN_DETAIL_CODE(CODE_ID, CODE, CODE_NM, CODE_DC, USE_AT, FRST_REGIST_PNTTM, FRST_REGISTER_ID, LAST_UPDT_PNTTM, LAST_UPDUSR_ID) 
VALUES ('COM057', '3', '세미나', '세미나', 'Y',sysdate(), 'SYSTEM', sysdate(), 'SYSTEM');
INSERT INTO COMTC_CMMN_DETAIL_CODE(CODE_ID, CODE, CODE_NM, CODE_DC, USE_AT, FRST_REGIST_PNTTM, FRST_REGISTER_ID, LAST_UPDT_PNTTM, LAST_UPDUSR_ID) 
VALUES ('COM057', '4', '기타', '기타', 'Y',sysdate(), 'SYSTEM', sysdate(), 'SYSTEM');

INSERT INTO COMTC_CMMN_DETAIL_CODE(CODE_ID, CODE, CODE_NM, CODE_DC, USE_AT, FRST_REGIST_PNTTM, FRST_REGISTER_ID, LAST_UPDT_PNTTM, LAST_UPDUSR_ID) 
VALUES ('COM058', '1', '반복없음', '당일', 'Y',sysdate(), 'SYSTEM', sysdate(), 'SYSTEM');
INSERT INTO COMTC_CMMN_DETAIL_CODE(CODE_ID, CODE, CODE_NM, CODE_DC, USE_AT, FRST_REGIST_PNTTM, FRST_REGISTER_ID, LAST_UPDT_PNTTM, LAST_UPDUSR_ID) 
VALUES ('COM058', '2', '매일', '매일', 'Y',sysdate(), 'SYSTEM', sysdate(), 'SYSTEM');
INSERT INTO COMTC_CMMN_DETAIL_CODE(CODE_ID, CODE, CODE_NM, CODE_DC, USE_AT, FRST_REGIST_PNTTM, FRST_REGISTER_ID, LAST_UPDT_PNTTM, LAST_UPDUSR_ID) 
VALUES ('COM058', '3', '매주', '매주', 'Y',sysdate(), 'SYSTEM', sysdate(), 'SYSTEM');
INSERT INTO COMTC_CMMN_DETAIL_CODE(CODE_ID, CODE, CODE_NM, CODE_DC, USE_AT, FRST_REGIST_PNTTM, FRST_REGISTER_ID, LAST_UPDT_PNTTM, LAST_UPDUSR_ID) 
VALUES ('COM058', '4', '매월', '매월', 'Y',sysdate(), 'SYSTEM', sysdate(), 'SYSTEM');

INSERT INTO COMTC_CMMN_DETAIL_CODE(CODE_ID, CODE, CODE_NM, CODE_DC, USE_AT, FRST_REGIST_PNTTM, FRST_REGISTER_ID, LAST_UPDT_PNTTM, LAST_UPDUSR_ID) 
VALUES ('COM059', '1', '높음', '높음', 'Y',sysdate(), 'SYSTEM', sysdate(), 'SYSTEM');
INSERT INTO COMTC_CMMN_DETAIL_CODE(CODE_ID, CODE, CODE_NM, CODE_DC, USE_AT, FRST_REGIST_PNTTM, FRST_REGISTER_ID, LAST_UPDT_PNTTM, LAST_UPDUSR_ID) 
VALUES ('COM059', '2', '보통', '보통', 'Y',sysdate(), 'SYSTEM', sysdate(), 'SYSTEM');
INSERT INTO COMTC_CMMN_DETAIL_CODE(CODE_ID, CODE, CODE_NM, CODE_DC, USE_AT, FRST_REGIST_PNTTM, FRST_REGISTER_ID, LAST_UPDT_PNTTM, LAST_UPDUSR_ID) 
VALUES ('COM059', '3', '낮음', '낮음', 'Y',sysdate(), 'SYSTEM', sysdate(), 'SYSTEM');

INSERT INTO COMTC_CMMN_DETAIL_CODE(CODE_ID, CODE, CODE_NM, CODE_DC, USE_AT, FRST_REGIST_PNTTM, FRST_REGISTER_ID, LAST_UPDT_PNTTM, LAST_UPDUSR_ID) 
VALUES ('COM060', '1', '주간보고', '주간보고', 'Y',sysdate(), 'SYSTEM', sysdate(), 'SYSTEM');
INSERT INTO COMTC_CMMN_DETAIL_CODE(CODE_ID, CODE, CODE_NM, CODE_DC, USE_AT, FRST_REGIST_PNTTM, FRST_REGISTER_ID, LAST_UPDT_PNTTM, LAST_UPDUSR_ID) 
VALUES ('COM060', '2', '월간보고', '월간보고', 'Y',sysdate(), 'SYSTEM', sysdate(), 'SYSTEM');

INSERT INTO COMTC_CMMN_DETAIL_CODE(CODE_ID, CODE, CODE_NM, CODE_DC, USE_AT, FRST_REGIST_PNTTM, FRST_REGISTER_ID, LAST_UPDT_PNTTM, LAST_UPDUSR_ID) 
VALUES ('COM061', '1', '재실', '재실', 'Y', sysdate(), 'SYSTEM', sysdate(), 'SYSTEM');
INSERT INTO COMTC_CMMN_DETAIL_CODE(CODE_ID, CODE, CODE_NM, CODE_DC, USE_AT, FRST_REGIST_PNTTM, FRST_REGISTER_ID, LAST_UPDT_PNTTM, LAST_UPDUSR_ID) 
VALUES ('COM061', '2', '자리비움', '자리비움', 'Y', sysdate(), 'SYSTEM', sysdate(), 'SYSTEM');
INSERT INTO COMTC_CMMN_DETAIL_CODE(CODE_ID, CODE, CODE_NM, CODE_DC, USE_AT, FRST_REGIST_PNTTM, FRST_REGISTER_ID, LAST_UPDT_PNTTM, LAST_UPDUSR_ID) 
VALUES ('COM061', '3', '회의중', '회의중', 'Y', sysdate(), 'SYSTEM', sysdate(), 'SYSTEM');
INSERT INTO COMTC_CMMN_DETAIL_CODE(CODE_ID, CODE, CODE_NM, CODE_DC, USE_AT, FRST_REGIST_PNTTM, FRST_REGISTER_ID, LAST_UPDT_PNTTM, LAST_UPDUSR_ID) 
VALUES ('COM061', '4', '출장중', '출장중', 'Y', sysdate(), 'SYSTEM', sysdate(), 'SYSTEM');
INSERT INTO COMTC_CMMN_DETAIL_CODE(CODE_ID, CODE, CODE_NM, CODE_DC, USE_AT, FRST_REGIST_PNTTM, FRST_REGISTER_ID, LAST_UPDT_PNTTM, LAST_UPDUSR_ID) 
VALUES ('COM061', '5', '휴가중', '휴가중', 'Y', sysdate(), 'SYSTEM', sysdate(), 'SYSTEM');

INSERT INTO COMTC_CMMN_DETAIL_CODE(CODE_ID, CODE, CODE_NM, CODE_DC, USE_AT, FRST_REGIST_PNTTM, FRST_REGISTER_ID, LAST_UPDT_PNTTM, LAST_UPDUSR_ID) 
VALUES ('COM062', '100', 'Continue ', 'Continue ', 'Y',sysdate(), 'SYSTEM', sysdate(), 'SYSTEM');
INSERT INTO COMTC_CMMN_DETAIL_CODE(CODE_ID, CODE, CODE_NM, CODE_DC, USE_AT, FRST_REGIST_PNTTM, FRST_REGISTER_ID, LAST_UPDT_PNTTM, LAST_UPDUSR_ID) 
VALUES ('COM062', '101', 'Switching Protocols ', 'Switching Protocols ', 'Y',sysdate(), 'SYSTEM', sysdate(), 'SYSTEM');
INSERT INTO COMTC_CMMN_DETAIL_CODE(CODE_ID, CODE, CODE_NM, CODE_DC, USE_AT, FRST_REGIST_PNTTM, FRST_REGISTER_ID, LAST_UPDT_PNTTM, LAST_UPDUSR_ID) 
VALUES ('COM062', '200', 'OK ', 'OK ', 'Y',sysdate(), 'SYSTEM', sysdate(), 'SYSTEM');
INSERT INTO COMTC_CMMN_DETAIL_CODE(CODE_ID, CODE, CODE_NM, CODE_DC, USE_AT, FRST_REGIST_PNTTM, FRST_REGISTER_ID, LAST_UPDT_PNTTM, LAST_UPDUSR_ID) 
VALUES ('COM062', '201', 'Created ', 'Created ', 'Y',sysdate(), 'SYSTEM', sysdate(), 'SYSTEM');
INSERT INTO COMTC_CMMN_DETAIL_CODE(CODE_ID, CODE, CODE_NM, CODE_DC, USE_AT, FRST_REGIST_PNTTM, FRST_REGISTER_ID, LAST_UPDT_PNTTM, LAST_UPDUSR_ID) 
VALUES ('COM062', '202', 'Accepted ', 'Accepted ', 'Y',sysdate(), 'SYSTEM', sysdate(), 'SYSTEM');
INSERT INTO COMTC_CMMN_DETAIL_CODE(CODE_ID, CODE, CODE_NM, CODE_DC, USE_AT, FRST_REGIST_PNTTM, FRST_REGISTER_ID, LAST_UPDT_PNTTM, LAST_UPDUSR_ID) 
VALUES ('COM062', '203', 'Non-Authoritative Information ', 'Non-Authoritative Information ', 'Y',sysdate(), 'SYSTEM', sysdate(), 'SYSTEM');
INSERT INTO COMTC_CMMN_DETAIL_CODE(CODE_ID, CODE, CODE_NM, CODE_DC, USE_AT, FRST_REGIST_PNTTM, FRST_REGISTER_ID, LAST_UPDT_PNTTM, LAST_UPDUSR_ID) 
VALUES ('COM062', '204', 'No Content ', 'No Content ', 'Y',sysdate(), 'SYSTEM', sysdate(), 'SYSTEM');
INSERT INTO COMTC_CMMN_DETAIL_CODE(CODE_ID, CODE, CODE_NM, CODE_DC, USE_AT, FRST_REGIST_PNTTM, FRST_REGISTER_ID, LAST_UPDT_PNTTM, LAST_UPDUSR_ID) 
VALUES ('COM062', '205', 'Reset Content ', 'Reset Content ', 'Y',sysdate(), 'SYSTEM', sysdate(), 'SYSTEM');
INSERT INTO COMTC_CMMN_DETAIL_CODE(CODE_ID, CODE, CODE_NM, CODE_DC, USE_AT, FRST_REGIST_PNTTM, FRST_REGISTER_ID, LAST_UPDT_PNTTM, LAST_UPDUSR_ID) 
VALUES ('COM062', '206', 'Partial Content ', 'Partial Content ', 'Y',sysdate(), 'SYSTEM', sysdate(), 'SYSTEM');
INSERT INTO COMTC_CMMN_DETAIL_CODE(CODE_ID, CODE, CODE_NM, CODE_DC, USE_AT, FRST_REGIST_PNTTM, FRST_REGISTER_ID, LAST_UPDT_PNTTM, LAST_UPDUSR_ID) 
VALUES ('COM062', '300', 'Multiple Choices ', 'Multiple Choices ', 'Y',sysdate(), 'SYSTEM', sysdate(), 'SYSTEM');
INSERT INTO COMTC_CMMN_DETAIL_CODE(CODE_ID, CODE, CODE_NM, CODE_DC, USE_AT, FRST_REGIST_PNTTM, FRST_REGISTER_ID, LAST_UPDT_PNTTM, LAST_UPDUSR_ID) 
VALUES ('COM062', '301', 'Moved Permanently ', 'Moved Permanently ', 'Y',sysdate(), 'SYSTEM', sysdate(), 'SYSTEM');
INSERT INTO COMTC_CMMN_DETAIL_CODE(CODE_ID, CODE, CODE_NM, CODE_DC, USE_AT, FRST_REGIST_PNTTM, FRST_REGISTER_ID, LAST_UPDT_PNTTM, LAST_UPDUSR_ID) 
VALUES ('COM062', '302', 'Found ', 'Found ', 'Y',sysdate(), 'SYSTEM', sysdate(), 'SYSTEM');
INSERT INTO COMTC_CMMN_DETAIL_CODE(CODE_ID, CODE, CODE_NM, CODE_DC, USE_AT, FRST_REGIST_PNTTM, FRST_REGISTER_ID, LAST_UPDT_PNTTM, LAST_UPDUSR_ID) 
VALUES ('COM062', '303', 'See Other ', 'See Other ', 'Y',sysdate(), 'SYSTEM', sysdate(), 'SYSTEM');
INSERT INTO COMTC_CMMN_DETAIL_CODE(CODE_ID, CODE, CODE_NM, CODE_DC, USE_AT, FRST_REGIST_PNTTM, FRST_REGISTER_ID, LAST_UPDT_PNTTM, LAST_UPDUSR_ID) 
VALUES ('COM062', '304', 'Not Modified ', 'Not Modified ', 'Y',sysdate(), 'SYSTEM', sysdate(), 'SYSTEM');
INSERT INTO COMTC_CMMN_DETAIL_CODE(CODE_ID, CODE, CODE_NM, CODE_DC, USE_AT, FRST_REGIST_PNTTM, FRST_REGISTER_ID, LAST_UPDT_PNTTM, LAST_UPDUSR_ID) 
VALUES ('COM062', '305', 'Use Proxy ', 'Use Proxy ', 'Y',sysdate(), 'SYSTEM', sysdate(), 'SYSTEM');
INSERT INTO COMTC_CMMN_DETAIL_CODE(CODE_ID, CODE, CODE_NM, CODE_DC, USE_AT, FRST_REGIST_PNTTM, FRST_REGISTER_ID, LAST_UPDT_PNTTM, LAST_UPDUSR_ID) 
VALUES ('COM062', '307', 'Temporary Redirect ', 'Temporary Redirect ', 'Y',sysdate(), 'SYSTEM', sysdate(), 'SYSTEM');
INSERT INTO COMTC_CMMN_DETAIL_CODE(CODE_ID, CODE, CODE_NM, CODE_DC, USE_AT, FRST_REGIST_PNTTM, FRST_REGISTER_ID, LAST_UPDT_PNTTM, LAST_UPDUSR_ID) 
VALUES ('COM062', '400', 'Bad Request ', 'Bad Request ', 'Y',sysdate(), 'SYSTEM', sysdate(), 'SYSTEM');
INSERT INTO COMTC_CMMN_DETAIL_CODE(CODE_ID, CODE, CODE_NM, CODE_DC, USE_AT, FRST_REGIST_PNTTM, FRST_REGISTER_ID, LAST_UPDT_PNTTM, LAST_UPDUSR_ID) 
VALUES ('COM062', '401', 'Unauthorized ', 'Unauthorized ', 'Y',sysdate(), 'SYSTEM', sysdate(), 'SYSTEM');
INSERT INTO COMTC_CMMN_DETAIL_CODE(CODE_ID, CODE, CODE_NM, CODE_DC, USE_AT, FRST_REGIST_PNTTM, FRST_REGISTER_ID, LAST_UPDT_PNTTM, LAST_UPDUSR_ID) 
VALUES ('COM062', '403', 'Forbidden ', 'Forbidden ', 'Y',sysdate(), 'SYSTEM', sysdate(), 'SYSTEM');
INSERT INTO COMTC_CMMN_DETAIL_CODE(CODE_ID, CODE, CODE_NM, CODE_DC, USE_AT, FRST_REGIST_PNTTM, FRST_REGISTER_ID, LAST_UPDT_PNTTM, LAST_UPDUSR_ID) 
VALUES ('COM062', '404', 'Not Found ', 'Not Found ', 'Y',sysdate(), 'SYSTEM', sysdate(), 'SYSTEM');
INSERT INTO COMTC_CMMN_DETAIL_CODE(CODE_ID, CODE, CODE_NM, CODE_DC, USE_AT, FRST_REGIST_PNTTM, FRST_REGISTER_ID, LAST_UPDT_PNTTM, LAST_UPDUSR_ID) 
VALUES ('COM062', '405', 'Method Not Allowed ', 'Method Not Allowed ', 'Y',sysdate(), 'SYSTEM', sysdate(), 'SYSTEM');
INSERT INTO COMTC_CMMN_DETAIL_CODE(CODE_ID, CODE, CODE_NM, CODE_DC, USE_AT, FRST_REGIST_PNTTM, FRST_REGISTER_ID, LAST_UPDT_PNTTM, LAST_UPDUSR_ID) 
VALUES ('COM062', '406', 'Not Acceptable ', 'Not Acceptable ', 'Y',sysdate(), 'SYSTEM', sysdate(), 'SYSTEM');
INSERT INTO COMTC_CMMN_DETAIL_CODE(CODE_ID, CODE, CODE_NM, CODE_DC, USE_AT, FRST_REGIST_PNTTM, FRST_REGISTER_ID, LAST_UPDT_PNTTM, LAST_UPDUSR_ID) 
VALUES ('COM062', '407', 'Proxy Authentication Required ', 'Proxy Authentication Required ', 'Y',sysdate(), 'SYSTEM', sysdate(), 'SYSTEM');
INSERT INTO COMTC_CMMN_DETAIL_CODE(CODE_ID, CODE, CODE_NM, CODE_DC, USE_AT, FRST_REGIST_PNTTM, FRST_REGISTER_ID, LAST_UPDT_PNTTM, LAST_UPDUSR_ID) 
VALUES ('COM062', '408', 'Request Timeout ', 'Request Timeout ', 'Y',sysdate(), 'SYSTEM', sysdate(), 'SYSTEM');
INSERT INTO COMTC_CMMN_DETAIL_CODE(CODE_ID, CODE, CODE_NM, CODE_DC, USE_AT, FRST_REGIST_PNTTM, FRST_REGISTER_ID, LAST_UPDT_PNTTM, LAST_UPDUSR_ID) 
VALUES ('COM062', '409', 'Conflict ', 'Conflict ', 'Y',sysdate(), 'SYSTEM', sysdate(), 'SYSTEM');
INSERT INTO COMTC_CMMN_DETAIL_CODE(CODE_ID, CODE, CODE_NM, CODE_DC, USE_AT, FRST_REGIST_PNTTM, FRST_REGISTER_ID, LAST_UPDT_PNTTM, LAST_UPDUSR_ID) 
VALUES ('COM062', '410', 'Gone ', 'Gone ', 'Y',sysdate(), 'SYSTEM', sysdate(), 'SYSTEM');
INSERT INTO COMTC_CMMN_DETAIL_CODE(CODE_ID, CODE, CODE_NM, CODE_DC, USE_AT, FRST_REGIST_PNTTM, FRST_REGISTER_ID, LAST_UPDT_PNTTM, LAST_UPDUSR_ID) 
VALUES ('COM062', '411', 'Length Required ', 'Length Required ', 'Y',sysdate(), 'SYSTEM', sysdate(), 'SYSTEM');
INSERT INTO COMTC_CMMN_DETAIL_CODE(CODE_ID, CODE, CODE_NM, CODE_DC, USE_AT, FRST_REGIST_PNTTM, FRST_REGISTER_ID, LAST_UPDT_PNTTM, LAST_UPDUSR_ID) 
VALUES ('COM062', '412', 'Precondition Failed ', 'Precondition Failed ', 'Y',sysdate(), 'SYSTEM', sysdate(), 'SYSTEM');
INSERT INTO COMTC_CMMN_DETAIL_CODE(CODE_ID, CODE, CODE_NM, CODE_DC, USE_AT, FRST_REGIST_PNTTM, FRST_REGISTER_ID, LAST_UPDT_PNTTM, LAST_UPDUSR_ID) 
VALUES ('COM062', '413', 'Request Entity Too Large ', 'Request Entity Too Large ', 'Y',sysdate(), 'SYSTEM', sysdate(), 'SYSTEM');
INSERT INTO COMTC_CMMN_DETAIL_CODE(CODE_ID, CODE, CODE_NM, CODE_DC, USE_AT, FRST_REGIST_PNTTM, FRST_REGISTER_ID, LAST_UPDT_PNTTM, LAST_UPDUSR_ID) 
VALUES ('COM062', '414', 'Request URI Too Long ', 'Request URI Too Long ', 'Y',sysdate(), 'SYSTEM', sysdate(), 'SYSTEM');
INSERT INTO COMTC_CMMN_DETAIL_CODE(CODE_ID, CODE, CODE_NM, CODE_DC, USE_AT, FRST_REGIST_PNTTM, FRST_REGISTER_ID, LAST_UPDT_PNTTM, LAST_UPDUSR_ID) 
VALUES ('COM062', '415', 'Unsupported Media Type ', 'Unsupported Media Type ', 'Y',sysdate(), 'SYSTEM', sysdate(), 'SYSTEM');
INSERT INTO COMTC_CMMN_DETAIL_CODE(CODE_ID, CODE, CODE_NM, CODE_DC, USE_AT, FRST_REGIST_PNTTM, FRST_REGISTER_ID, LAST_UPDT_PNTTM, LAST_UPDUSR_ID) 
VALUES ('COM062', '416', 'Requested Range Not Satisfiable ', 'Requested Range Not Satisfiable ', 'Y',sysdate(), 'SYSTEM', sysdate(), 'SYSTEM');
INSERT INTO COMTC_CMMN_DETAIL_CODE(CODE_ID, CODE, CODE_NM, CODE_DC, USE_AT, FRST_REGIST_PNTTM, FRST_REGISTER_ID, LAST_UPDT_PNTTM, LAST_UPDUSR_ID) 
VALUES ('COM062', '417', 'Expectation Failed ', 'Expectation Failed ', 'Y',sysdate(), 'SYSTEM', sysdate(), 'SYSTEM');
INSERT INTO COMTC_CMMN_DETAIL_CODE(CODE_ID, CODE, CODE_NM, CODE_DC, USE_AT, FRST_REGIST_PNTTM, FRST_REGISTER_ID, LAST_UPDT_PNTTM, LAST_UPDUSR_ID) 
VALUES ('COM062', '500', 'Internal Server Error ', 'Internal Server Error ', 'Y',sysdate(), 'SYSTEM', sysdate(), 'SYSTEM');
INSERT INTO COMTC_CMMN_DETAIL_CODE(CODE_ID, CODE, CODE_NM, CODE_DC, USE_AT, FRST_REGIST_PNTTM, FRST_REGISTER_ID, LAST_UPDT_PNTTM, LAST_UPDUSR_ID) 
VALUES ('COM062', '501', 'Not Implemented ', 'Not Implemented ', 'Y',sysdate(), 'SYSTEM', sysdate(), 'SYSTEM');
INSERT INTO COMTC_CMMN_DETAIL_CODE(CODE_ID, CODE, CODE_NM, CODE_DC, USE_AT, FRST_REGIST_PNTTM, FRST_REGISTER_ID, LAST_UPDT_PNTTM, LAST_UPDUSR_ID) 
VALUES ('COM062', '502', 'Bad Gateway ', 'Bad Gateway ', 'Y',sysdate(), 'SYSTEM', sysdate(), 'SYSTEM');
INSERT INTO COMTC_CMMN_DETAIL_CODE(CODE_ID, CODE, CODE_NM, CODE_DC, USE_AT, FRST_REGIST_PNTTM, FRST_REGISTER_ID, LAST_UPDT_PNTTM, LAST_UPDUSR_ID) 
VALUES ('COM062', '503', 'Service Unavailable ', 'Service Unavailable ', 'Y',sysdate(), 'SYSTEM', sysdate(), 'SYSTEM');
INSERT INTO COMTC_CMMN_DETAIL_CODE(CODE_ID, CODE, CODE_NM, CODE_DC, USE_AT, FRST_REGIST_PNTTM, FRST_REGISTER_ID, LAST_UPDT_PNTTM, LAST_UPDUSR_ID) 
VALUES ('COM062', '504', 'Gateway Timeout ', 'Gateway Timeout ', 'Y',sysdate(), 'SYSTEM', sysdate(), 'SYSTEM');
INSERT INTO COMTC_CMMN_DETAIL_CODE(CODE_ID, CODE, CODE_NM, CODE_DC, USE_AT, FRST_REGIST_PNTTM, FRST_REGISTER_ID, LAST_UPDT_PNTTM, LAST_UPDUSR_ID) 
VALUES ('COM062', '505', 'HTTP Version Not Supported ', 'HTTP Version Not Supported ', 'Y',sysdate(), 'SYSTEM', sysdate(), 'SYSTEM');

INSERT INTO COMTC_CMMN_DETAIL_CODE(CODE_ID, CODE, CODE_NM, CODE_DC, USE_AT, FRST_REGIST_PNTTM, FRST_REGISTER_ID, LAST_UPDT_PNTTM, LAST_UPDUSR_ID) 
VALUES ('COM063', '100', 'Runnable', 'Runnable', 'Y',sysdate(), 'SYSTEM', sysdate(), 'SYSTEM');
INSERT INTO COMTC_CMMN_DETAIL_CODE(CODE_ID, CODE, CODE_NM, CODE_DC, USE_AT, FRST_REGIST_PNTTM, FRST_REGISTER_ID, LAST_UPDT_PNTTM, LAST_UPDUSR_ID) 
VALUES ('COM063', '200', 'Sleeping', 'Sleeping', 'Y',sysdate(), 'SYSTEM', sysdate(), 'SYSTEM');
INSERT INTO COMTC_CMMN_DETAIL_CODE(CODE_ID, CODE, CODE_NM, CODE_DC, USE_AT, FRST_REGIST_PNTTM, FRST_REGISTER_ID, LAST_UPDT_PNTTM, LAST_UPDUSR_ID) 
VALUES ('COM063', '300', 'Swapped', 'Swapped', 'Y',sysdate(), 'SYSTEM', sysdate(), 'SYSTEM');
INSERT INTO COMTC_CMMN_DETAIL_CODE(CODE_ID, CODE, CODE_NM, CODE_DC, USE_AT, FRST_REGIST_PNTTM, FRST_REGISTER_ID, LAST_UPDT_PNTTM, LAST_UPDUSR_ID) 
VALUES ('COM063', '400', 'Zombie', 'Zombie', 'Y',sysdate(), 'SYSTEM', sysdate(), 'SYSTEM');
INSERT INTO COMTC_CMMN_DETAIL_CODE(CODE_ID, CODE, CODE_NM, CODE_DC, USE_AT, FRST_REGIST_PNTTM, FRST_REGISTER_ID, LAST_UPDT_PNTTM, LAST_UPDUSR_ID) 
VALUES ('COM063', '500', 'Stopped', 'Stopped', 'Y',sysdate(), 'SYSTEM', sysdate(), 'SYSTEM');

INSERT INTO COMTC_CMMN_DETAIL_CODE(CODE_ID, CODE, CODE_NM, CODE_DC, USE_AT, FRST_REGIST_PNTTM, FRST_REGISTER_ID, LAST_UPDT_PNTTM, LAST_UPDUSR_ID) 
VALUES ('COM064', '01', '웹 서버', '웹 서버', 'Y',sysdate(), 'SYSTEM', sysdate(), 'SYSTEM');
INSERT INTO COMTC_CMMN_DETAIL_CODE(CODE_ID, CODE, CODE_NM, CODE_DC, USE_AT, FRST_REGIST_PNTTM, FRST_REGISTER_ID, LAST_UPDT_PNTTM, LAST_UPDUSR_ID) 
VALUES ('COM064', '02', 'WAS', 'WAS', 'Y',sysdate(), 'SYSTEM', sysdate(), 'SYSTEM');
INSERT INTO COMTC_CMMN_DETAIL_CODE(CODE_ID, CODE, CODE_NM, CODE_DC, USE_AT, FRST_REGIST_PNTTM, FRST_REGISTER_ID, LAST_UPDT_PNTTM, LAST_UPDUSR_ID) 
VALUES ('COM064', '03', 'DB 서버', 'DB 서버', 'Y',sysdate(), 'SYSTEM', sysdate(), 'SYSTEM');
INSERT INTO COMTC_CMMN_DETAIL_CODE(CODE_ID, CODE, CODE_NM, CODE_DC, USE_AT, FRST_REGIST_PNTTM, FRST_REGISTER_ID, LAST_UPDT_PNTTM, LAST_UPDUSR_ID) 
VALUES ('COM064', '04', 'Mail 서버', 'Mail 서버', 'Y',sysdate(), 'SYSTEM', sysdate(), 'SYSTEM');
INSERT INTO COMTC_CMMN_DETAIL_CODE(CODE_ID, CODE, CODE_NM, CODE_DC, USE_AT, FRST_REGIST_PNTTM, FRST_REGISTER_ID, LAST_UPDT_PNTTM, LAST_UPDUSR_ID) 
VALUES ('COM064', '05', 'DNS 서버', 'DNS 서버', 'Y',sysdate(), 'SYSTEM', sysdate(), 'SYSTEM');
INSERT INTO COMTC_CMMN_DETAIL_CODE(CODE_ID, CODE, CODE_NM, CODE_DC, USE_AT, FRST_REGIST_PNTTM, FRST_REGISTER_ID, LAST_UPDT_PNTTM, LAST_UPDUSR_ID) 
VALUES ('COM064', '99', '기타 서버', '기타 서버', 'Y',sysdate(), 'SYSTEM', sysdate(), 'SYSTEM');

INSERT INTO COMTC_CMMN_DETAIL_CODE(CODE_ID, CODE, CODE_NM, CODE_DC, USE_AT, FRST_REGIST_PNTTM, FRST_REGISTER_ID, LAST_UPDT_PNTTM, LAST_UPDUSR_ID) 
VALUES ('COM065', '01', '네트워크 장애', '네트워크 장애', 'Y',sysdate(), 'SYSTEM', sysdate(), 'SYSTEM');
INSERT INTO COMTC_CMMN_DETAIL_CODE(CODE_ID, CODE, CODE_NM, CODE_DC, USE_AT, FRST_REGIST_PNTTM, FRST_REGISTER_ID, LAST_UPDT_PNTTM, LAST_UPDUSR_ID) 
VALUES ('COM065', '02', '하드웨어 장애', '하드웨어 장애', 'Y',sysdate(), 'SYSTEM', sysdate(), 'SYSTEM');
INSERT INTO COMTC_CMMN_DETAIL_CODE(CODE_ID, CODE, CODE_NM, CODE_DC, USE_AT, FRST_REGIST_PNTTM, FRST_REGISTER_ID, LAST_UPDT_PNTTM, LAST_UPDUSR_ID) 
VALUES ('COM065', '03', '어플리케이션 장애', '어플리케이션 장애', 'Y',sysdate(), 'SYSTEM', sysdate(), 'SYSTEM');
INSERT INTO COMTC_CMMN_DETAIL_CODE(CODE_ID, CODE, CODE_NM, CODE_DC, USE_AT, FRST_REGIST_PNTTM, FRST_REGISTER_ID, LAST_UPDT_PNTTM, LAST_UPDUSR_ID) 
VALUES ('COM065', '04', '서비스 장애', '서비스 장애', 'Y',sysdate(), 'SYSTEM', sysdate(), 'SYSTEM');
INSERT INTO COMTC_CMMN_DETAIL_CODE(CODE_ID, CODE, CODE_NM, CODE_DC, USE_AT, FRST_REGIST_PNTTM, FRST_REGISTER_ID, LAST_UPDT_PNTTM, LAST_UPDUSR_ID) 
VALUES ('COM065', '05', '모니터링 장애', '모니터링 장애', 'Y',sysdate(), 'SYSTEM', sysdate(), 'SYSTEM');
INSERT INTO COMTC_CMMN_DETAIL_CODE(CODE_ID, CODE, CODE_NM, CODE_DC, USE_AT, FRST_REGIST_PNTTM, FRST_REGISTER_ID, LAST_UPDT_PNTTM, LAST_UPDUSR_ID) 
VALUES ('COM065', '06', '정전', '정전', 'Y',sysdate(), 'SYSTEM', sysdate(), 'SYSTEM');
INSERT INTO COMTC_CMMN_DETAIL_CODE(CODE_ID, CODE, CODE_NM, CODE_DC, USE_AT, FRST_REGIST_PNTTM, FRST_REGISTER_ID, LAST_UPDT_PNTTM, LAST_UPDUSR_ID) 
VALUES ('COM065', '07', '화재', '화재', 'Y',sysdate(), 'SYSTEM', sysdate(), 'SYSTEM');
INSERT INTO COMTC_CMMN_DETAIL_CODE(CODE_ID, CODE, CODE_NM, CODE_DC, USE_AT, FRST_REGIST_PNTTM, FRST_REGISTER_ID, LAST_UPDT_PNTTM, LAST_UPDUSR_ID) 
VALUES ('COM065', '08', '홍수', '홍수', 'Y',sysdate(), 'SYSTEM', sysdate(), 'SYSTEM');
INSERT INTO COMTC_CMMN_DETAIL_CODE(CODE_ID, CODE, CODE_NM, CODE_DC, USE_AT, FRST_REGIST_PNTTM, FRST_REGISTER_ID, LAST_UPDT_PNTTM, LAST_UPDUSR_ID) 
VALUES ('COM065', '99', '기타 장애', '기타 장애', 'Y',sysdate(), 'SYSTEM', sysdate(), 'SYSTEM');

INSERT INTO COMTC_CMMN_DETAIL_CODE(CODE_ID, CODE, CODE_NM, CODE_DC, USE_AT, FRST_REGIST_PNTTM, FRST_REGISTER_ID, LAST_UPDT_PNTTM, LAST_UPDUSR_ID) 
VALUES ('COM066', '01', 'CPU', 'CPU', 'Y',sysdate(), 'SYSTEM', sysdate(), 'SYSTEM');
INSERT INTO COMTC_CMMN_DETAIL_CODE(CODE_ID, CODE, CODE_NM, CODE_DC, USE_AT, FRST_REGIST_PNTTM, FRST_REGISTER_ID, LAST_UPDT_PNTTM, LAST_UPDUSR_ID) 
VALUES ('COM066', '02', '메모리', '메모리', 'Y',sysdate(), 'SYSTEM', sysdate(), 'SYSTEM');

INSERT INTO COMTC_CMMN_DETAIL_CODE(CODE_ID, CODE, CODE_NM, CODE_DC, USE_AT, FRST_REGIST_PNTTM, FRST_REGISTER_ID, LAST_UPDT_PNTTM, LAST_UPDUSR_ID) 
VALUES ('COM067', '01', '서버', '서버', 'Y',sysdate(), 'SYSTEM', sysdate(), 'SYSTEM');
INSERT INTO COMTC_CMMN_DETAIL_CODE(CODE_ID, CODE, CODE_NM, CODE_DC, USE_AT, FRST_REGIST_PNTTM, FRST_REGISTER_ID, LAST_UPDT_PNTTM, LAST_UPDUSR_ID) 
VALUES ('COM067', '02', '라우터', '라우터', 'Y',sysdate(), 'SYSTEM', sysdate(), 'SYSTEM');
INSERT INTO COMTC_CMMN_DETAIL_CODE(CODE_ID, CODE, CODE_NM, CODE_DC, USE_AT, FRST_REGIST_PNTTM, FRST_REGISTER_ID, LAST_UPDT_PNTTM, LAST_UPDUSR_ID) 
VALUES ('COM067', '03', '스위치', '스위치', 'Y',sysdate(), 'SYSTEM', sysdate(), 'SYSTEM');
INSERT INTO COMTC_CMMN_DETAIL_CODE(CODE_ID, CODE, CODE_NM, CODE_DC, USE_AT, FRST_REGIST_PNTTM, FRST_REGISTER_ID, LAST_UPDT_PNTTM, LAST_UPDUSR_ID) 
VALUES ('COM067', '04', 'PC', 'PC', 'Y',sysdate(), 'SYSTEM', sysdate(), 'SYSTEM');
INSERT INTO COMTC_CMMN_DETAIL_CODE(CODE_ID, CODE, CODE_NM, CODE_DC, USE_AT, FRST_REGIST_PNTTM, FRST_REGISTER_ID, LAST_UPDT_PNTTM, LAST_UPDUSR_ID) 
VALUES ('COM067', '05', '프린터', '프린터', 'Y',sysdate(), 'SYSTEM', sysdate(), 'SYSTEM');
INSERT INTO COMTC_CMMN_DETAIL_CODE(CODE_ID, CODE, CODE_NM, CODE_DC, USE_AT, FRST_REGIST_PNTTM, FRST_REGISTER_ID, LAST_UPDT_PNTTM, LAST_UPDUSR_ID) 
VALUES ('COM067', '99', '기타', '기타', 'Y',sysdate(), 'SYSTEM', sysdate(), 'SYSTEM');

INSERT INTO COMTC_CMMN_DETAIL_CODE(CODE_ID, CODE, CODE_NM, CODE_DC, USE_AT, FRST_REGIST_PNTTM, FRST_REGISTER_ID, LAST_UPDT_PNTTM, LAST_UPDUSR_ID) 
VALUES ('COM068', 'A', '접수', '접수', 'Y',sysdate(), 'SYSTEM', sysdate(), 'SYSTEM');
INSERT INTO COMTC_CMMN_DETAIL_CODE(CODE_ID, CODE, CODE_NM, CODE_DC, USE_AT, FRST_REGIST_PNTTM, FRST_REGISTER_ID, LAST_UPDT_PNTTM, LAST_UPDUSR_ID) 
VALUES ('COM068', 'C', '완료', '완료', 'Y',sysdate(), 'SYSTEM', sysdate(), 'SYSTEM');
INSERT INTO COMTC_CMMN_DETAIL_CODE(CODE_ID, CODE, CODE_NM, CODE_DC, USE_AT, FRST_REGIST_PNTTM, FRST_REGISTER_ID, LAST_UPDT_PNTTM, LAST_UPDUSR_ID) 
VALUES ('COM068', 'R', '요청', '요청', 'Y',sysdate(), 'SYSTEM', sysdate(), 'SYSTEM');

INSERT INTO COMTC_CMMN_DETAIL_CODE(CODE_ID, CODE, CODE_NM, CODE_DC, USE_AT, FRST_REGIST_PNTTM, FRST_REGISTER_ID, LAST_UPDT_PNTTM, LAST_UPDUSR_ID) 
VALUES ('COM069', '01', '생일', '생일', 'Y',sysdate(), 'SYSTEM', sysdate(), 'SYSTEM');
INSERT INTO COMTC_CMMN_DETAIL_CODE(CODE_ID, CODE, CODE_NM, CODE_DC, USE_AT, FRST_REGIST_PNTTM, FRST_REGISTER_ID, LAST_UPDT_PNTTM, LAST_UPDUSR_ID) 
VALUES ('COM069', '02', '기념', '기념', 'N',sysdate(), 'SYSTEM',sysdate(), 'SYSTEM');
INSERT INTO COMTC_CMMN_DETAIL_CODE(CODE_ID, CODE, CODE_NM, CODE_DC, USE_AT, FRST_REGIST_PNTTM, FRST_REGISTER_ID, LAST_UPDT_PNTTM, LAST_UPDUSR_ID) 
VALUES ('COM069', '03', '결혼', '결혼', 'Y',sysdate(), 'SYSTEM', sysdate(), 'SYSTEM');
INSERT INTO COMTC_CMMN_DETAIL_CODE(CODE_ID, CODE, CODE_NM, CODE_DC, USE_AT, FRST_REGIST_PNTTM, FRST_REGISTER_ID, LAST_UPDT_PNTTM, LAST_UPDUSR_ID) 
VALUES ('COM069', '04', '탄생', '탄생', 'Y',sysdate(), 'SYSTEM', sysdate(), 'SYSTEM');
INSERT INTO COMTC_CMMN_DETAIL_CODE(CODE_ID, CODE, CODE_NM, CODE_DC, USE_AT, FRST_REGIST_PNTTM, FRST_REGISTER_ID, LAST_UPDT_PNTTM, LAST_UPDUSR_ID) 
VALUES ('COM069', '05', '축하', '축하', 'Y',sysdate(), 'SYSTEM', sysdate(), 'SYSTEM');
INSERT INTO COMTC_CMMN_DETAIL_CODE(CODE_ID, CODE, CODE_NM, CODE_DC, USE_AT, FRST_REGIST_PNTTM, FRST_REGISTER_ID, LAST_UPDT_PNTTM, LAST_UPDUSR_ID) 
VALUES ('COM069', '06', '출장', '출장', 'Y',sysdate(), 'SYSTEM', sysdate(), 'SYSTEM');
INSERT INTO COMTC_CMMN_DETAIL_CODE(CODE_ID, CODE, CODE_NM, CODE_DC, USE_AT, FRST_REGIST_PNTTM, FRST_REGISTER_ID, LAST_UPDT_PNTTM, LAST_UPDUSR_ID) 
VALUES ('COM069', '07', '퇴원', '퇴원', 'Y',sysdate(), 'SYSTEM', sysdate(), 'SYSTEM');
INSERT INTO COMTC_CMMN_DETAIL_CODE(CODE_ID, CODE, CODE_NM, CODE_DC, USE_AT, FRST_REGIST_PNTTM, FRST_REGISTER_ID, LAST_UPDT_PNTTM, LAST_UPDUSR_ID) 
VALUES ('COM069', '99', '기타', '기타', 'Y',sysdate(), 'SYSTEM', sysdate(), 'SYSTEM');

INSERT INTO COMTC_CMMN_DETAIL_CODE(CODE_ID, CODE, CODE_NM, CODE_DC, USE_AT, FRST_REGIST_PNTTM, FRST_REGISTER_ID, LAST_UPDT_PNTTM, LAST_UPDUSR_ID) 
VALUES ('COM070', '01', '본관1층', '본관1층', 'Y',sysdate(), 'SYSTEM', sysdate(), 'SYSTEM');
INSERT INTO COMTC_CMMN_DETAIL_CODE(CODE_ID, CODE, CODE_NM, CODE_DC, USE_AT, FRST_REGIST_PNTTM, FRST_REGISTER_ID, LAST_UPDT_PNTTM, LAST_UPDUSR_ID) 
VALUES ('COM070', '02', '본관2층', '본관2층', 'Y',sysdate(), 'SYSTEM', sysdate(), 'SYSTEM');
INSERT INTO COMTC_CMMN_DETAIL_CODE(CODE_ID, CODE, CODE_NM, CODE_DC, USE_AT, FRST_REGIST_PNTTM, FRST_REGISTER_ID, LAST_UPDT_PNTTM, LAST_UPDUSR_ID) 
VALUES ('COM070', '03', '본관3층', '본관3층', 'Y',sysdate(), 'SYSTEM', sysdate(), 'SYSTEM');
INSERT INTO COMTC_CMMN_DETAIL_CODE(CODE_ID, CODE, CODE_NM, CODE_DC, USE_AT, FRST_REGIST_PNTTM, FRST_REGISTER_ID, LAST_UPDT_PNTTM, LAST_UPDUSR_ID) 
VALUES ('COM070', '04', '본관4층', '본관4층', 'Y',sysdate(), 'SYSTEM', sysdate(), 'SYSTEM');
INSERT INTO COMTC_CMMN_DETAIL_CODE(CODE_ID, CODE, CODE_NM, CODE_DC, USE_AT, FRST_REGIST_PNTTM, FRST_REGISTER_ID, LAST_UPDT_PNTTM, LAST_UPDUSR_ID) 
VALUES ('COM070', '05', '본관5층', '본관5층', 'Y',sysdate(), 'SYSTEM', sysdate(), 'SYSTEM');
INSERT INTO COMTC_CMMN_DETAIL_CODE(CODE_ID, CODE, CODE_NM, CODE_DC, USE_AT, FRST_REGIST_PNTTM, FRST_REGISTER_ID, LAST_UPDT_PNTTM, LAST_UPDUSR_ID) 
VALUES ('COM070', '06', '별관1층', '별관1층', 'Y',sysdate(), 'SYSTEM', sysdate(), 'SYSTEM');
INSERT INTO COMTC_CMMN_DETAIL_CODE(CODE_ID, CODE, CODE_NM, CODE_DC, USE_AT, FRST_REGIST_PNTTM, FRST_REGISTER_ID, LAST_UPDT_PNTTM, LAST_UPDUSR_ID) 
VALUES ('COM070', '07', '별관2층', '별관2층', 'Y',sysdate(), 'SYSTEM', sysdate(), 'SYSTEM');
INSERT INTO COMTC_CMMN_DETAIL_CODE(CODE_ID, CODE, CODE_NM, CODE_DC, USE_AT, FRST_REGIST_PNTTM, FRST_REGISTER_ID, LAST_UPDT_PNTTM, LAST_UPDUSR_ID) 
VALUES ('COM070', '99', '기타', '기타', 'Y',sysdate(), 'SYSTEM', sysdate(), 'SYSTEM');

INSERT INTO COMTC_CMMN_DETAIL_CODE(CODE_ID, CODE, CODE_NM, CODE_DC, USE_AT, FRST_REGIST_PNTTM, FRST_REGISTER_ID, LAST_UPDT_PNTTM, LAST_UPDUSR_ID) 
VALUES ('COM071', '01', '전기시설', '전기시설', 'Y',sysdate(), 'SYSTEM',sysdate(), 'SYSTEM');
INSERT INTO COMTC_CMMN_DETAIL_CODE(CODE_ID, CODE, CODE_NM, CODE_DC, USE_AT, FRST_REGIST_PNTTM, FRST_REGISTER_ID, LAST_UPDT_PNTTM, LAST_UPDUSR_ID) 
VALUES ('COM071', '02', '소등상태', '소등상태', 'Y',sysdate(), 'SYSTEM',sysdate(), 'SYSTEM');
INSERT INTO COMTC_CMMN_DETAIL_CODE(CODE_ID, CODE, CODE_NM, CODE_DC, USE_AT, FRST_REGIST_PNTTM, FRST_REGISTER_ID, LAST_UPDT_PNTTM, LAST_UPDUSR_ID) 
VALUES ('COM071', '03', '방화요소', '방화요소', 'Y',sysdate(), 'SYSTEM',sysdate(), 'SYSTEM');
INSERT INTO COMTC_CMMN_DETAIL_CODE(CODE_ID, CODE, CODE_NM, CODE_DC, USE_AT, FRST_REGIST_PNTTM, FRST_REGISTER_ID, LAST_UPDT_PNTTM, LAST_UPDUSR_ID) 
VALUES ('COM071', '04', '소방시설', '소방시설', 'Y',sysdate(), 'SYSTEM',sysdate(), 'SYSTEM');
INSERT INTO COMTC_CMMN_DETAIL_CODE(CODE_ID, CODE, CODE_NM, CODE_DC, USE_AT, FRST_REGIST_PNTTM, FRST_REGISTER_ID, LAST_UPDT_PNTTM, LAST_UPDUSR_ID) 
VALUES ('COM071', '05', '비상 KEY', '비상 KEY', 'Y',sysdate(), 'SYSTEM',sysdate(), 'SYSTEM');
INSERT INTO COMTC_CMMN_DETAIL_CODE(CODE_ID, CODE, CODE_NM, CODE_DC, USE_AT, FRST_REGIST_PNTTM, FRST_REGISTER_ID, LAST_UPDT_PNTTM, LAST_UPDUSR_ID) 
VALUES ('COM071', '06', '시건장치', '시건장치', 'Y',sysdate(), 'SYSTEM',sysdate(), 'SYSTEM');
INSERT INTO COMTC_CMMN_DETAIL_CODE(CODE_ID, CODE, CODE_NM, CODE_DC, USE_AT, FRST_REGIST_PNTTM, FRST_REGISTER_ID, LAST_UPDT_PNTTM, LAST_UPDUSR_ID) 
VALUES ('COM071', '99', '기타', '기타', 'Y',sysdate(), 'SYSTEM',sysdate(), 'SYSTEM');

INSERT INTO COMTC_CMMN_DETAIL_CODE(CODE_ID, CODE, CODE_NM, CODE_DC, USE_AT, FRST_REGIST_PNTTM, FRST_REGISTER_ID, LAST_UPDT_PNTTM, LAST_UPDUSR_ID) 
VALUES ('COM072', '01', '정상', '정상', 'Y',sysdate(), 'SYSTEM',sysdate(), 'SYSTEM');
INSERT INTO COMTC_CMMN_DETAIL_CODE(CODE_ID, CODE, CODE_NM, CODE_DC, USE_AT, FRST_REGIST_PNTTM, FRST_REGISTER_ID, LAST_UPDT_PNTTM, LAST_UPDUSR_ID) 
VALUES ('COM072', '02', '오류', '오류', 'Y',sysdate(), 'SYSTEM',sysdate(), 'SYSTEM');
INSERT INTO COMTC_CMMN_DETAIL_CODE(CODE_ID, CODE, CODE_NM, CODE_DC, USE_AT, FRST_REGIST_PNTTM, FRST_REGISTER_ID, LAST_UPDT_PNTTM, LAST_UPDUSR_ID) 
VALUES ('COM072', '03', '중지', '중지', 'Y',sysdate(), 'SYSTEM',sysdate(), 'SYSTEM');
INSERT INTO COMTC_CMMN_DETAIL_CODE(CODE_ID, CODE, CODE_NM, CODE_DC, USE_AT, FRST_REGIST_PNTTM, FRST_REGISTER_ID, LAST_UPDT_PNTTM, LAST_UPDUSR_ID) 
VALUES ('COM072', '09', '기타', '기타', 'Y',sysdate(), 'SYSTEM',sysdate(), 'SYSTEM');

INSERT INTO COMTC_CMMN_DETAIL_CODE(CODE_ID, CODE, CODE_NM, CODE_DC, USE_AT, FRST_REGIST_PNTTM, FRST_REGISTER_ID, LAST_UPDT_PNTTM, LAST_UPDUSR_ID) 
VALUES ('COM073', '01', '본인', '본인', 'Y',sysdate(), 'SYSTEM',sysdate(), 'SYSTEM');
INSERT INTO COMTC_CMMN_DETAIL_CODE(CODE_ID, CODE, CODE_NM, CODE_DC, USE_AT, FRST_REGIST_PNTTM, FRST_REGISTER_ID, LAST_UPDT_PNTTM, LAST_UPDUSR_ID) 
VALUES ('COM073', '02', '배우자', '배우자', 'Y',sysdate(), 'SYSTEM',sysdate(), 'SYSTEM');
INSERT INTO COMTC_CMMN_DETAIL_CODE(CODE_ID, CODE, CODE_NM, CODE_DC, USE_AT, FRST_REGIST_PNTTM, FRST_REGISTER_ID, LAST_UPDT_PNTTM, LAST_UPDUSR_ID) 
VALUES ('COM073', '03', '자녀', '자녀', 'Y',sysdate(), 'SYSTEM',sysdate(), 'SYSTEM');
INSERT INTO COMTC_CMMN_DETAIL_CODE(CODE_ID, CODE, CODE_NM, CODE_DC, USE_AT, FRST_REGIST_PNTTM, FRST_REGISTER_ID, LAST_UPDT_PNTTM, LAST_UPDUSR_ID) 
VALUES ('COM073', '04', '부친', '부친', 'Y',sysdate(), 'SYSTEM',sysdate(), 'SYSTEM');
INSERT INTO COMTC_CMMN_DETAIL_CODE(CODE_ID, CODE, CODE_NM, CODE_DC, USE_AT, FRST_REGIST_PNTTM, FRST_REGISTER_ID, LAST_UPDT_PNTTM, LAST_UPDUSR_ID) 
VALUES ('COM073', '05', '모친', '모친', 'Y',sysdate(), 'SYSTEM',sysdate(), 'SYSTEM');
INSERT INTO COMTC_CMMN_DETAIL_CODE(CODE_ID, CODE, CODE_NM, CODE_DC, USE_AT, FRST_REGIST_PNTTM, FRST_REGISTER_ID, LAST_UPDT_PNTTM, LAST_UPDUSR_ID) 
VALUES ('COM073', '06', '배우자부친', '배우자부친', 'Y',sysdate(), 'SYSTEM',sysdate(), 'SYSTEM');
INSERT INTO COMTC_CMMN_DETAIL_CODE(CODE_ID, CODE, CODE_NM, CODE_DC, USE_AT, FRST_REGIST_PNTTM, FRST_REGISTER_ID, LAST_UPDT_PNTTM, LAST_UPDUSR_ID) 
VALUES ('COM073', '07', '배우자모친', '배우자모친', 'Y',sysdate(), 'SYSTEM',sysdate(), 'SYSTEM');
INSERT INTO COMTC_CMMN_DETAIL_CODE(CODE_ID, CODE, CODE_NM, CODE_DC, USE_AT, FRST_REGIST_PNTTM, FRST_REGISTER_ID, LAST_UPDT_PNTTM, LAST_UPDUSR_ID) 
VALUES ('COM073', '08', '조부', '조부', 'Y',sysdate(), 'SYSTEM',sysdate(), 'SYSTEM');
INSERT INTO COMTC_CMMN_DETAIL_CODE(CODE_ID, CODE, CODE_NM, CODE_DC, USE_AT, FRST_REGIST_PNTTM, FRST_REGISTER_ID, LAST_UPDT_PNTTM, LAST_UPDUSR_ID) 
VALUES ('COM073', '09', '조모', '조모', 'Y',sysdate(), 'SYSTEM',sysdate(), 'SYSTEM');
INSERT INTO COMTC_CMMN_DETAIL_CODE(CODE_ID, CODE, CODE_NM, CODE_DC, USE_AT, FRST_REGIST_PNTTM, FRST_REGISTER_ID, LAST_UPDT_PNTTM, LAST_UPDUSR_ID) 
VALUES ('COM073', '10', '형제자매(본인)', '형제자매(본인)', 'Y',sysdate(), 'SYSTEM',sysdate(), 'SYSTEM');
INSERT INTO COMTC_CMMN_DETAIL_CODE(CODE_ID, CODE, CODE_NM, CODE_DC, USE_AT, FRST_REGIST_PNTTM, FRST_REGISTER_ID, LAST_UPDT_PNTTM, LAST_UPDUSR_ID) 
VALUES ('COM073', '11', '외조부', '외조부', 'Y',sysdate(), 'SYSTEM',sysdate(), 'SYSTEM');
INSERT INTO COMTC_CMMN_DETAIL_CODE(CODE_ID, CODE, CODE_NM, CODE_DC, USE_AT, FRST_REGIST_PNTTM, FRST_REGISTER_ID, LAST_UPDT_PNTTM, LAST_UPDUSR_ID) 
VALUES ('COM073', '12', '외조모', '외조모', 'Y',sysdate(), 'SYSTEM',sysdate(), 'SYSTEM');
INSERT INTO COMTC_CMMN_DETAIL_CODE(CODE_ID, CODE, CODE_NM, CODE_DC, USE_AT, FRST_REGIST_PNTTM, FRST_REGISTER_ID, LAST_UPDT_PNTTM, LAST_UPDUSR_ID) 
VALUES ('COM073', '13', '백숙부', '백숙부', 'Y',sysdate(), 'SYSTEM',sysdate(), 'SYSTEM');
INSERT INTO COMTC_CMMN_DETAIL_CODE(CODE_ID, CODE, CODE_NM, CODE_DC, USE_AT, FRST_REGIST_PNTTM, FRST_REGISTER_ID, LAST_UPDT_PNTTM, LAST_UPDUSR_ID) 
VALUES ('COM073', '14', '백숙모', '백숙모', 'Y',sysdate(), 'SYSTEM',sysdate(), 'SYSTEM');
INSERT INTO COMTC_CMMN_DETAIL_CODE(CODE_ID, CODE, CODE_NM, CODE_DC, USE_AT, FRST_REGIST_PNTTM, FRST_REGISTER_ID, LAST_UPDT_PNTTM, LAST_UPDUSR_ID) 
VALUES ('COM073', '15', '형제자매(배우자)', '형제자매(배우자)', 'Y',sysdate(), 'SYSTEM',sysdate(), 'SYSTEM');
INSERT INTO COMTC_CMMN_DETAIL_CODE(CODE_ID, CODE, CODE_NM, CODE_DC, USE_AT, FRST_REGIST_PNTTM, FRST_REGISTER_ID, LAST_UPDT_PNTTM, LAST_UPDUSR_ID) 
VALUES ('COM073', '99', '기타', '기타', 'Y',sysdate(), 'SYSTEM',sysdate(), 'SYSTEM');

INSERT INTO COMTC_CMMN_DETAIL_CODE(CODE_ID, CODE, CODE_NM, CODE_DC, USE_AT, FRST_REGIST_PNTTM, FRST_REGISTER_ID, LAST_UPDT_PNTTM, LAST_UPDUSR_ID) 
VALUES ('COM074', '1', '일요일', '일요일', 'Y',sysdate(), 'SYSTEM',sysdate(), 'SYSTEM');
INSERT INTO COMTC_CMMN_DETAIL_CODE(CODE_ID, CODE, CODE_NM, CODE_DC, USE_AT, FRST_REGIST_PNTTM, FRST_REGISTER_ID, LAST_UPDT_PNTTM, LAST_UPDUSR_ID) 
VALUES ('COM074', '2', '월요일', '월요일', 'Y',sysdate(), 'SYSTEM',sysdate(), 'SYSTEM');
INSERT INTO COMTC_CMMN_DETAIL_CODE(CODE_ID, CODE, CODE_NM, CODE_DC, USE_AT, FRST_REGIST_PNTTM, FRST_REGISTER_ID, LAST_UPDT_PNTTM, LAST_UPDUSR_ID) 
VALUES ('COM074', '3', '화요일', '화요일', 'Y',sysdate(), 'SYSTEM',sysdate(), 'SYSTEM');
INSERT INTO COMTC_CMMN_DETAIL_CODE(CODE_ID, CODE, CODE_NM, CODE_DC, USE_AT, FRST_REGIST_PNTTM, FRST_REGISTER_ID, LAST_UPDT_PNTTM, LAST_UPDUSR_ID) 
VALUES ('COM074', '4', '수요일', '수요일', 'Y',sysdate(), 'SYSTEM',sysdate(), 'SYSTEM');
INSERT INTO COMTC_CMMN_DETAIL_CODE(CODE_ID, CODE, CODE_NM, CODE_DC, USE_AT, FRST_REGIST_PNTTM, FRST_REGISTER_ID, LAST_UPDT_PNTTM, LAST_UPDUSR_ID) 
VALUES ('COM074', '5', '목요일', '목요일', 'Y',sysdate(), 'SYSTEM',sysdate(), 'SYSTEM');
INSERT INTO COMTC_CMMN_DETAIL_CODE(CODE_ID, CODE, CODE_NM, CODE_DC, USE_AT, FRST_REGIST_PNTTM, FRST_REGISTER_ID, LAST_UPDT_PNTTM, LAST_UPDUSR_ID) 
VALUES ('COM074', '6', '금요일', '금요일', 'Y',sysdate(), 'SYSTEM',sysdate(), 'SYSTEM');
INSERT INTO COMTC_CMMN_DETAIL_CODE(CODE_ID, CODE, CODE_NM, CODE_DC, USE_AT, FRST_REGIST_PNTTM, FRST_REGISTER_ID, LAST_UPDT_PNTTM, LAST_UPDUSR_ID) 
VALUES ('COM074', '7', '토요일', '토요일', 'Y',sysdate(), 'SYSTEM',sysdate(), 'SYSTEM');

INSERT INTO COMTC_CMMN_DETAIL_CODE(CODE_ID, CODE, CODE_NM, CODE_DC, USE_AT, FRST_REGIST_PNTTM, FRST_REGISTER_ID, LAST_UPDT_PNTTM, LAST_UPDUSR_ID) 
VALUES ('COM075', '001', '경조신청', '경조신청', 'Y',sysdate(), 'SYSTEM',sysdate(), 'SYSTEM');
INSERT INTO COMTC_CMMN_DETAIL_CODE(CODE_ID, CODE, CODE_NM, CODE_DC, USE_AT, FRST_REGIST_PNTTM, FRST_REGISTER_ID, LAST_UPDT_PNTTM, LAST_UPDUSR_ID) 
VALUES ('COM075', '002', '포상신청', '포상신청', 'Y',sysdate(), 'SYSTEM',sysdate(), 'SYSTEM');
INSERT INTO COMTC_CMMN_DETAIL_CODE(CODE_ID, CODE, CODE_NM, CODE_DC, USE_AT, FRST_REGIST_PNTTM, FRST_REGISTER_ID, LAST_UPDT_PNTTM, LAST_UPDUSR_ID) 
VALUES ('COM075', '003', '휴가신청', '휴가신청', 'Y',sysdate(), 'SYSTEM',sysdate(), 'SYSTEM');
INSERT INTO COMTC_CMMN_DETAIL_CODE(CODE_ID, CODE, CODE_NM, CODE_DC, USE_AT, FRST_REGIST_PNTTM, FRST_REGISTER_ID, LAST_UPDT_PNTTM, LAST_UPDUSR_ID) 
VALUES ('COM075', '004', '행사신청', '행사신청', 'Y',sysdate(), 'SYSTEM',sysdate(), 'SYSTEM');

INSERT INTO COMTC_CMMN_DETAIL_CODE(CODE_ID, CODE, CODE_NM, CODE_DC, USE_AT, FRST_REGIST_PNTTM, FRST_REGISTER_ID, LAST_UPDT_PNTTM, LAST_UPDUSR_ID) 
VALUES ('COM076', '01', '정상', '정상', 'Y',sysdate(), 'SYSTEM',sysdate(), 'SYSTEM');
INSERT INTO COMTC_CMMN_DETAIL_CODE(CODE_ID, CODE, CODE_NM, CODE_DC, USE_AT, FRST_REGIST_PNTTM, FRST_REGISTER_ID, LAST_UPDT_PNTTM, LAST_UPDUSR_ID) 
VALUES ('COM076', '02', '비정상', '비정상', 'Y',sysdate(), 'SYSTEM',sysdate(), 'SYSTEM');
INSERT INTO COMTC_CMMN_DETAIL_CODE(CODE_ID, CODE, CODE_NM, CODE_DC, USE_AT, FRST_REGIST_PNTTM, FRST_REGISTER_ID, LAST_UPDT_PNTTM, LAST_UPDUSR_ID) 
VALUES ('COM076', '03', '수행중', '수행중', 'Y',sysdate(), 'SYSTEM',sysdate(), 'SYSTEM');

INSERT INTO COMTC_CMMN_DETAIL_CODE(CODE_ID, CODE, CODE_NM, CODE_DC, USE_AT, FRST_REGIST_PNTTM, FRST_REGISTER_ID, LAST_UPDT_PNTTM, LAST_UPDUSR_ID) 
VALUES ('COM077', 'MLT01', '동영상', '동영상', 'Y',sysdate(), 'SYSTEM',sysdate(), 'SYSTEM');
INSERT INTO COMTC_CMMN_DETAIL_CODE(CODE_ID, CODE, CODE_NM, CODE_DC, USE_AT, FRST_REGIST_PNTTM, FRST_REGISTER_ID, LAST_UPDT_PNTTM, LAST_UPDUSR_ID) 
VALUES ('COM077', 'MLT02', '음악', '음악', 'Y',sysdate(), 'SYSTEM',sysdate(), 'SYSTEM');

INSERT INTO COMTC_CMMN_DETAIL_CODE(CODE_ID, CODE, CODE_NM, CODE_DC, USE_AT, FRST_REGIST_PNTTM, FRST_REGISTER_ID, LAST_UPDT_PNTTM, LAST_UPDUSR_ID) 
VALUES ('COM078', 'WRT01', '최신', '최신', 'Y',sysdate(), 'SYSTEM',sysdate(), 'SYSTEM');
INSERT INTO COMTC_CMMN_DETAIL_CODE(CODE_ID, CODE, CODE_NM, CODE_DC, USE_AT, FRST_REGIST_PNTTM, FRST_REGISTER_ID, LAST_UPDT_PNTTM, LAST_UPDUSR_ID) 
VALUES ('COM078', 'WRT02', '이전', '이전', 'Y',sysdate(), 'SYSTEM',sysdate(), 'SYSTEM');

INSERT INTO COMTC_CMMN_DETAIL_CODE(CODE_ID, CODE, CODE_NM, CODE_DC, USE_AT, FRST_REGIST_PNTTM, FRST_REGISTER_ID, LAST_UPDT_PNTTM, LAST_UPDUSR_ID) 
VALUES ('COM079', 'TSR01', '전송수신성공', '전송수신성공', 'Y',sysdate(), 'SYSTEM',sysdate(), 'SYSTEM');
INSERT INTO COMTC_CMMN_DETAIL_CODE(CODE_ID, CODE, CODE_NM, CODE_DC, USE_AT, FRST_REGIST_PNTTM, FRST_REGISTER_ID, LAST_UPDT_PNTTM, LAST_UPDUSR_ID) 
VALUES ('COM079', 'TSR02', '전송수신실패', '전송수신실패', 'Y',sysdate(), 'SYSTEM',sysdate(), 'SYSTEM');

INSERT INTO COMTC_CMMN_DETAIL_CODE(CODE_ID, CODE, CODE_NM, CODE_DC, USE_AT, FRST_REGIST_PNTTM, FRST_REGISTER_ID, LAST_UPDT_PNTTM, LAST_UPDUSR_ID) 
VALUES ('COM080', 'RQR01', '요청성공', '요청성공', 'Y',sysdate(), 'SYSTEM',sysdate(), 'SYSTEM');
INSERT INTO COMTC_CMMN_DETAIL_CODE(CODE_ID, CODE, CODE_NM, CODE_DC, USE_AT, FRST_REGIST_PNTTM, FRST_REGISTER_ID, LAST_UPDT_PNTTM, LAST_UPDUSR_ID) 
VALUES ('COM080', 'RQR02', '요청실패', '요청실패', 'Y',sysdate(), 'SYSTEM',sysdate(), 'SYSTEM');

INSERT INTO COMTC_CMMN_DETAIL_CODE(CODE_ID, CODE, CODE_NM, CODE_DC, USE_AT, FRST_REGIST_PNTTM, FRST_REGISTER_ID, LAST_UPDT_PNTTM, LAST_UPDUSR_ID) 
VALUES ('COM081', 'APIS001', '날씨', '날씨', 'Y',sysdate(), 'SYSTEM',sysdate(), 'SYSTEM');
INSERT INTO COMTC_CMMN_DETAIL_CODE(CODE_ID, CODE, CODE_NM, CODE_DC, USE_AT, FRST_REGIST_PNTTM, FRST_REGISTER_ID, LAST_UPDT_PNTTM, LAST_UPDUSR_ID) 
VALUES ('COM081', 'APIS002', '검색', '검색', 'Y',sysdate(), 'SYSTEM',sysdate(), 'SYSTEM');

INSERT INTO COMTC_CMMN_DETAIL_CODE(CODE_ID, CODE, CODE_NM, CODE_DC, USE_AT, FRST_REGIST_PNTTM, FRST_REGISTER_ID, LAST_UPDT_PNTTM, LAST_UPDUSR_ID) 
VALUES ('COM082', 'APIO001', '기상청', '기상청', 'Y',sysdate(), 'SYSTEM',sysdate(), 'SYSTEM');
INSERT INTO COMTC_CMMN_DETAIL_CODE(CODE_ID, CODE, CODE_NM, CODE_DC, USE_AT, FRST_REGIST_PNTTM, FRST_REGISTER_ID, LAST_UPDT_PNTTM, LAST_UPDUSR_ID) 
VALUES ('COM082', 'APIO002', '대한민국정부포털', '대한민국정부포털', 'Y',sysdate(), 'SYSTEM',sysdate(), 'SYSTEM');

INSERT INTO COMTC_CMMN_DETAIL_CODE(CODE_ID, CODE, CODE_NM, CODE_DC, USE_AT, FRST_REGIST_PNTTM, FRST_REGISTER_ID, LAST_UPDT_PNTTM, LAST_UPDUSR_ID) 
VALUES ('COM083', 'BRS001', 'Unknown', 'Unknown', 'Y',sysdate(), 'SYSTEM',sysdate(), 'SYSTEM');
INSERT INTO COMTC_CMMN_DETAIL_CODE(CODE_ID, CODE, CODE_NM, CODE_DC, USE_AT, FRST_REGIST_PNTTM, FRST_REGISTER_ID, LAST_UPDT_PNTTM, LAST_UPDUSR_ID) 
VALUES ('COM083', 'BRS002', 'Chrome', 'Chrome', 'Y',sysdate(), 'SYSTEM',sysdate(), 'SYSTEM');
INSERT INTO COMTC_CMMN_DETAIL_CODE(CODE_ID, CODE, CODE_NM, CODE_DC, USE_AT, FRST_REGIST_PNTTM, FRST_REGISTER_ID, LAST_UPDT_PNTTM, LAST_UPDUSR_ID) 
VALUES ('COM083', 'BRS003', 'Chrome 11', 'Chrome 11', 'Y',sysdate(), 'SYSTEM',sysdate(), 'SYSTEM');
INSERT INTO COMTC_CMMN_DETAIL_CODE(CODE_ID, CODE, CODE_NM, CODE_DC, USE_AT, FRST_REGIST_PNTTM, FRST_REGISTER_ID, LAST_UPDT_PNTTM, LAST_UPDUSR_ID) 
VALUES ('COM083', 'BRS004', 'Chrome 12', 'Chrome 12', 'Y',sysdate(), 'SYSTEM',sysdate(), 'SYSTEM');
INSERT INTO COMTC_CMMN_DETAIL_CODE(CODE_ID, CODE, CODE_NM, CODE_DC, USE_AT, FRST_REGIST_PNTTM, FRST_REGISTER_ID, LAST_UPDT_PNTTM, LAST_UPDUSR_ID) 
VALUES ('COM083', 'BRS005', 'Chrome 13', 'Chrome 13', 'Y',sysdate(), 'SYSTEM',sysdate(), 'SYSTEM');
INSERT INTO COMTC_CMMN_DETAIL_CODE(CODE_ID, CODE, CODE_NM, CODE_DC, USE_AT, FRST_REGIST_PNTTM, FRST_REGISTER_ID, LAST_UPDT_PNTTM, LAST_UPDUSR_ID) 
VALUES ('COM083', 'BRS006', 'Chrome 14', 'Chrome 14', 'Y',sysdate(), 'SYSTEM',sysdate(), 'SYSTEM');
INSERT INTO COMTC_CMMN_DETAIL_CODE(CODE_ID, CODE, CODE_NM, CODE_DC, USE_AT, FRST_REGIST_PNTTM, FRST_REGISTER_ID, LAST_UPDT_PNTTM, LAST_UPDUSR_ID) 
VALUES ('COM083', 'BRS007', 'Firefox', 'Firefox', 'Y',sysdate(), 'SYSTEM',sysdate(), 'SYSTEM');
INSERT INTO COMTC_CMMN_DETAIL_CODE(CODE_ID, CODE, CODE_NM, CODE_DC, USE_AT, FRST_REGIST_PNTTM, FRST_REGISTER_ID, LAST_UPDT_PNTTM, LAST_UPDUSR_ID) 
VALUES ('COM083', 'BRS008', 'Firefox 3', 'Firefox 3', 'Y',sysdate(), 'SYSTEM',sysdate(), 'SYSTEM');
INSERT INTO COMTC_CMMN_DETAIL_CODE(CODE_ID, CODE, CODE_NM, CODE_DC, USE_AT, FRST_REGIST_PNTTM, FRST_REGISTER_ID, LAST_UPDT_PNTTM, LAST_UPDUSR_ID) 
VALUES ('COM083', 'BRS009', 'Firefox 4', 'Firefox 4', 'Y',sysdate(), 'SYSTEM',sysdate(), 'SYSTEM');
INSERT INTO COMTC_CMMN_DETAIL_CODE(CODE_ID, CODE, CODE_NM, CODE_DC, USE_AT, FRST_REGIST_PNTTM, FRST_REGISTER_ID, LAST_UPDT_PNTTM, LAST_UPDUSR_ID) 
VALUES ('COM083', 'BRS010', 'Firefox 5', 'Firefox 5', 'Y',sysdate(), 'SYSTEM',sysdate(), 'SYSTEM');
INSERT INTO COMTC_CMMN_DETAIL_CODE(CODE_ID, CODE, CODE_NM, CODE_DC, USE_AT, FRST_REGIST_PNTTM, FRST_REGISTER_ID, LAST_UPDT_PNTTM, LAST_UPDUSR_ID) 
VALUES ('COM083', 'BRS011', 'Firefox 6', 'Firefox 6', 'Y',sysdate(), 'SYSTEM',sysdate(), 'SYSTEM');
INSERT INTO COMTC_CMMN_DETAIL_CODE(CODE_ID, CODE, CODE_NM, CODE_DC, USE_AT, FRST_REGIST_PNTTM, FRST_REGISTER_ID, LAST_UPDT_PNTTM, LAST_UPDUSR_ID) 
VALUES ('COM083', 'BRS012', 'Firefox 7', 'Firefox 7', 'Y',sysdate(), 'SYSTEM',sysdate(), 'SYSTEM');
INSERT INTO COMTC_CMMN_DETAIL_CODE(CODE_ID, CODE, CODE_NM, CODE_DC, USE_AT, FRST_REGIST_PNTTM, FRST_REGISTER_ID, LAST_UPDT_PNTTM, LAST_UPDUSR_ID) 
VALUES ('COM083', 'BRS013', 'IEMobile', 'IEMobile', 'Y',sysdate(), 'SYSTEM',sysdate(), 'SYSTEM');
INSERT INTO COMTC_CMMN_DETAIL_CODE(CODE_ID, CODE, CODE_NM, CODE_DC, USE_AT, FRST_REGIST_PNTTM, FRST_REGISTER_ID, LAST_UPDT_PNTTM, LAST_UPDUSR_ID) 
VALUES ('COM083', 'BRS014', 'IEMobile 6', 'IEMobile 6', 'Y',sysdate(), 'SYSTEM',sysdate(), 'SYSTEM');
INSERT INTO COMTC_CMMN_DETAIL_CODE(CODE_ID, CODE, CODE_NM, CODE_DC, USE_AT, FRST_REGIST_PNTTM, FRST_REGISTER_ID, LAST_UPDT_PNTTM, LAST_UPDUSR_ID) 
VALUES ('COM083', 'BRS015', 'IEMobile 7', 'IEMobile 7', 'Y',sysdate(), 'SYSTEM',sysdate(), 'SYSTEM');
INSERT INTO COMTC_CMMN_DETAIL_CODE(CODE_ID, CODE, CODE_NM, CODE_DC, USE_AT, FRST_REGIST_PNTTM, FRST_REGISTER_ID, LAST_UPDT_PNTTM, LAST_UPDUSR_ID) 
VALUES ('COM083', 'BRS016', 'IEMobile 8', 'IEMobile 8', 'Y',sysdate(), 'SYSTEM',sysdate(), 'SYSTEM');
INSERT INTO COMTC_CMMN_DETAIL_CODE(CODE_ID, CODE, CODE_NM, CODE_DC, USE_AT, FRST_REGIST_PNTTM, FRST_REGISTER_ID, LAST_UPDT_PNTTM, LAST_UPDUSR_ID) 
VALUES ('COM083', 'BRS017', 'Opera', 'Opera', 'Y',sysdate(), 'SYSTEM',sysdate(), 'SYSTEM');
INSERT INTO COMTC_CMMN_DETAIL_CODE(CODE_ID, CODE, CODE_NM, CODE_DC, USE_AT, FRST_REGIST_PNTTM, FRST_REGISTER_ID, LAST_UPDT_PNTTM, LAST_UPDUSR_ID) 
VALUES ('COM083', 'BRS018', 'Opera 4', 'Opera 4', 'Y',sysdate(), 'SYSTEM',sysdate(), 'SYSTEM');
INSERT INTO COMTC_CMMN_DETAIL_CODE(CODE_ID, CODE, CODE_NM, CODE_DC, USE_AT, FRST_REGIST_PNTTM, FRST_REGISTER_ID, LAST_UPDT_PNTTM, LAST_UPDUSR_ID) 
VALUES ('COM083', 'BRS019', 'Opera 5', 'Opera 5', 'Y',sysdate(), 'SYSTEM',sysdate(), 'SYSTEM');
INSERT INTO COMTC_CMMN_DETAIL_CODE(CODE_ID, CODE, CODE_NM, CODE_DC, USE_AT, FRST_REGIST_PNTTM, FRST_REGISTER_ID, LAST_UPDT_PNTTM, LAST_UPDUSR_ID) 
VALUES ('COM083', 'BRS020', 'Opera 6', 'Opera 6', 'Y',sysdate(), 'SYSTEM',sysdate(), 'SYSTEM');
INSERT INTO COMTC_CMMN_DETAIL_CODE(CODE_ID, CODE, CODE_NM, CODE_DC, USE_AT, FRST_REGIST_PNTTM, FRST_REGISTER_ID, LAST_UPDT_PNTTM, LAST_UPDUSR_ID) 
VALUES ('COM083', 'BRS021', 'Opera 7', 'Opera 7', 'Y',sysdate(), 'SYSTEM',sysdate(), 'SYSTEM');
INSERT INTO COMTC_CMMN_DETAIL_CODE(CODE_ID, CODE, CODE_NM, CODE_DC, USE_AT, FRST_REGIST_PNTTM, FRST_REGISTER_ID, LAST_UPDT_PNTTM, LAST_UPDUSR_ID) 
VALUES ('COM083', 'BRS022', 'Opera 8', 'Opera 8', 'Y',sysdate(), 'SYSTEM',sysdate(), 'SYSTEM');
INSERT INTO COMTC_CMMN_DETAIL_CODE(CODE_ID, CODE, CODE_NM, CODE_DC, USE_AT, FRST_REGIST_PNTTM, FRST_REGISTER_ID, LAST_UPDT_PNTTM, LAST_UPDUSR_ID) 
VALUES ('COM083', 'BRS023', 'Opera 9', 'Opera 9', 'Y',sysdate(), 'SYSTEM',sysdate(), 'SYSTEM');
INSERT INTO COMTC_CMMN_DETAIL_CODE(CODE_ID, CODE, CODE_NM, CODE_DC, USE_AT, FRST_REGIST_PNTTM, FRST_REGISTER_ID, LAST_UPDT_PNTTM, LAST_UPDUSR_ID) 
VALUES ('COM083', 'BRS024', 'Opera 10', 'Opera 10', 'Y',sysdate(), 'SYSTEM',sysdate(), 'SYSTEM');
INSERT INTO COMTC_CMMN_DETAIL_CODE(CODE_ID, CODE, CODE_NM, CODE_DC, USE_AT, FRST_REGIST_PNTTM, FRST_REGISTER_ID, LAST_UPDT_PNTTM, LAST_UPDUSR_ID) 
VALUES ('COM083', 'BRS025', 'Opera 11', 'Opera 11', 'Y',sysdate(), 'SYSTEM',sysdate(), 'SYSTEM');
INSERT INTO COMTC_CMMN_DETAIL_CODE(CODE_ID, CODE, CODE_NM, CODE_DC, USE_AT, FRST_REGIST_PNTTM, FRST_REGISTER_ID, LAST_UPDT_PNTTM, LAST_UPDUSR_ID) 
VALUES ('COM083', 'BRS026', 'Opera 12', 'Opera 12', 'Y',sysdate(), 'SYSTEM',sysdate(), 'SYSTEM');
INSERT INTO COMTC_CMMN_DETAIL_CODE(CODE_ID, CODE, CODE_NM, CODE_DC, USE_AT, FRST_REGIST_PNTTM, FRST_REGISTER_ID, LAST_UPDT_PNTTM, LAST_UPDUSR_ID) 
VALUES ('COM083', 'BRS027', 'Opera Mini', 'Opera Mini', 'Y',sysdate(), 'SYSTEM',sysdate(), 'SYSTEM');
INSERT INTO COMTC_CMMN_DETAIL_CODE(CODE_ID, CODE, CODE_NM, CODE_DC, USE_AT, FRST_REGIST_PNTTM, FRST_REGISTER_ID, LAST_UPDT_PNTTM, LAST_UPDUSR_ID) 
VALUES ('COM083', 'BRS028', 'Opera Mini 3', 'Opera Mini 3', 'Y',sysdate(), 'SYSTEM',sysdate(), 'SYSTEM');
INSERT INTO COMTC_CMMN_DETAIL_CODE(CODE_ID, CODE, CODE_NM, CODE_DC, USE_AT, FRST_REGIST_PNTTM, FRST_REGISTER_ID, LAST_UPDT_PNTTM, LAST_UPDUSR_ID) 
VALUES ('COM083', 'BRS029', 'Opera Mini 4', 'Opera Mini 4', 'Y',sysdate(), 'SYSTEM',sysdate(), 'SYSTEM');
INSERT INTO COMTC_CMMN_DETAIL_CODE(CODE_ID, CODE, CODE_NM, CODE_DC, USE_AT, FRST_REGIST_PNTTM, FRST_REGISTER_ID, LAST_UPDT_PNTTM, LAST_UPDUSR_ID) 
VALUES ('COM083', 'BRS030', 'Opera Mini 5', 'Opera Mini 5', 'Y',sysdate(), 'SYSTEM',sysdate(), 'SYSTEM');
INSERT INTO COMTC_CMMN_DETAIL_CODE(CODE_ID, CODE, CODE_NM, CODE_DC, USE_AT, FRST_REGIST_PNTTM, FRST_REGISTER_ID, LAST_UPDT_PNTTM, LAST_UPDUSR_ID) 
VALUES ('COM083', 'BRS031', 'Opera Mini 6', 'Opera Mini 6', 'Y',sysdate(), 'SYSTEM',sysdate(), 'SYSTEM');
INSERT INTO COMTC_CMMN_DETAIL_CODE(CODE_ID, CODE, CODE_NM, CODE_DC, USE_AT, FRST_REGIST_PNTTM, FRST_REGISTER_ID, LAST_UPDT_PNTTM, LAST_UPDUSR_ID) 
VALUES ('COM083', 'BRS032', 'Opera Mobile', 'Opera Mobile', 'Y',sysdate(), 'SYSTEM',sysdate(), 'SYSTEM');
INSERT INTO COMTC_CMMN_DETAIL_CODE(CODE_ID, CODE, CODE_NM, CODE_DC, USE_AT, FRST_REGIST_PNTTM, FRST_REGISTER_ID, LAST_UPDT_PNTTM, LAST_UPDUSR_ID) 
VALUES ('COM083', 'BRS033', 'Opera Mobile 10', 'Opera Mobile 10', 'Y',sysdate(), 'SYSTEM',sysdate(), 'SYSTEM');
INSERT INTO COMTC_CMMN_DETAIL_CODE(CODE_ID, CODE, CODE_NM, CODE_DC, USE_AT, FRST_REGIST_PNTTM, FRST_REGISTER_ID, LAST_UPDT_PNTTM, LAST_UPDUSR_ID) 
VALUES ('COM083', 'BRS034', 'Opera Mobile 11', 'Opera Mobile 11', 'Y',sysdate(), 'SYSTEM',sysdate(), 'SYSTEM');
INSERT INTO COMTC_CMMN_DETAIL_CODE(CODE_ID, CODE, CODE_NM, CODE_DC, USE_AT, FRST_REGIST_PNTTM, FRST_REGISTER_ID, LAST_UPDT_PNTTM, LAST_UPDUSR_ID) 
VALUES ('COM083', 'BRS035', 'Safari', 'Safari', 'Y',sysdate(), 'SYSTEM',sysdate(), 'SYSTEM');
INSERT INTO COMTC_CMMN_DETAIL_CODE(CODE_ID, CODE, CODE_NM, CODE_DC, USE_AT, FRST_REGIST_PNTTM, FRST_REGISTER_ID, LAST_UPDT_PNTTM, LAST_UPDUSR_ID) 
VALUES ('COM083', 'BRS036', 'Safari 3', 'Safari 3', 'Y',sysdate(), 'SYSTEM',sysdate(), 'SYSTEM');
INSERT INTO COMTC_CMMN_DETAIL_CODE(CODE_ID, CODE, CODE_NM, CODE_DC, USE_AT, FRST_REGIST_PNTTM, FRST_REGISTER_ID, LAST_UPDT_PNTTM, LAST_UPDUSR_ID) 
VALUES ('COM083', 'BRS037', 'Safari 4', 'Safari 4', 'Y',sysdate(), 'SYSTEM',sysdate(), 'SYSTEM');
INSERT INTO COMTC_CMMN_DETAIL_CODE(CODE_ID, CODE, CODE_NM, CODE_DC, USE_AT, FRST_REGIST_PNTTM, FRST_REGISTER_ID, LAST_UPDT_PNTTM, LAST_UPDUSR_ID) 
VALUES ('COM083', 'BRS038', 'Safari 5', 'Safari 5', 'Y',sysdate(), 'SYSTEM',sysdate(), 'SYSTEM');
INSERT INTO COMTC_CMMN_DETAIL_CODE(CODE_ID, CODE, CODE_NM, CODE_DC, USE_AT, FRST_REGIST_PNTTM, FRST_REGISTER_ID, LAST_UPDT_PNTTM, LAST_UPDUSR_ID) 
VALUES ('COM083', 'BRS039', 'Android', 'Android', 'Y',sysdate(), 'SYSTEM',sysdate(), 'SYSTEM');
INSERT INTO COMTC_CMMN_DETAIL_CODE(CODE_ID, CODE, CODE_NM, CODE_DC, USE_AT, FRST_REGIST_PNTTM, FRST_REGISTER_ID, LAST_UPDT_PNTTM, LAST_UPDUSR_ID) 
VALUES ('COM083', 'BRS040', 'Android 1.5', 'Android 1.5', 'Y',sysdate(), 'SYSTEM',sysdate(), 'SYSTEM');
INSERT INTO COMTC_CMMN_DETAIL_CODE(CODE_ID, CODE, CODE_NM, CODE_DC, USE_AT, FRST_REGIST_PNTTM, FRST_REGISTER_ID, LAST_UPDT_PNTTM, LAST_UPDUSR_ID) 
VALUES ('COM083', 'BRS041', 'Android 1.6', 'Android 1.6', 'Y',sysdate(), 'SYSTEM',sysdate(), 'SYSTEM');
INSERT INTO COMTC_CMMN_DETAIL_CODE(CODE_ID, CODE, CODE_NM, CODE_DC, USE_AT, FRST_REGIST_PNTTM, FRST_REGISTER_ID, LAST_UPDT_PNTTM, LAST_UPDUSR_ID) 
VALUES ('COM083', 'BRS042', 'Android 2.1', 'Android 2.1', 'Y',sysdate(), 'SYSTEM',sysdate(), 'SYSTEM');
INSERT INTO COMTC_CMMN_DETAIL_CODE(CODE_ID, CODE, CODE_NM, CODE_DC, USE_AT, FRST_REGIST_PNTTM, FRST_REGISTER_ID, LAST_UPDT_PNTTM, LAST_UPDUSR_ID) 
VALUES ('COM083', 'BRS043', 'Android 2.2', 'Android 2.2', 'Y',sysdate(), 'SYSTEM',sysdate(), 'SYSTEM');
INSERT INTO COMTC_CMMN_DETAIL_CODE(CODE_ID, CODE, CODE_NM, CODE_DC, USE_AT, FRST_REGIST_PNTTM, FRST_REGISTER_ID, LAST_UPDT_PNTTM, LAST_UPDUSR_ID) 
VALUES ('COM083', 'BRS044', 'Android 2.3', 'Android 2.3', 'Y',sysdate(), 'SYSTEM',sysdate(), 'SYSTEM');
INSERT INTO COMTC_CMMN_DETAIL_CODE(CODE_ID, CODE, CODE_NM, CODE_DC, USE_AT, FRST_REGIST_PNTTM, FRST_REGISTER_ID, LAST_UPDT_PNTTM, LAST_UPDUSR_ID) 
VALUES ('COM083', 'BRS045', 'Andriod 3.0', 'Andriod 3.0', 'Y',sysdate(), 'SYSTEM',sysdate(), 'SYSTEM');
INSERT INTO COMTC_CMMN_DETAIL_CODE(CODE_ID, CODE, CODE_NM, CODE_DC, USE_AT, FRST_REGIST_PNTTM, FRST_REGISTER_ID, LAST_UPDT_PNTTM, LAST_UPDUSR_ID) 
VALUES ('COM083', 'BRS046', 'Android 4.0', 'Android 4.0', 'Y',sysdate(), 'SYSTEM',sysdate(), 'SYSTEM');

INSERT INTO COMTC_CMMN_DETAIL_CODE(CODE_ID, CODE, CODE_NM, CODE_DC, USE_AT, FRST_REGIST_PNTTM, FRST_REGISTER_ID, LAST_UPDT_PNTTM, LAST_UPDUSR_ID) 
VALUES ('COM084', 'OS01', 'Unknown', 'Unknown', 'Y',sysdate(), 'SYSTEM',sysdate(), 'SYSTEM');
INSERT INTO COMTC_CMMN_DETAIL_CODE(CODE_ID, CODE, CODE_NM, CODE_DC, USE_AT, FRST_REGIST_PNTTM, FRST_REGISTER_ID, LAST_UPDT_PNTTM, LAST_UPDUSR_ID) 
VALUES ('COM084', 'OS02', 'Android', 'Android', 'Y',sysdate(), 'SYSTEM',sysdate(), 'SYSTEM');
INSERT INTO COMTC_CMMN_DETAIL_CODE(CODE_ID, CODE, CODE_NM, CODE_DC, USE_AT, FRST_REGIST_PNTTM, FRST_REGISTER_ID, LAST_UPDT_PNTTM, LAST_UPDUSR_ID) 
VALUES ('COM084', 'OS03', 'iOS', 'iOS', 'Y',sysdate(), 'SYSTEM',sysdate(), 'SYSTEM');
INSERT INTO COMTC_CMMN_DETAIL_CODE(CODE_ID, CODE, CODE_NM, CODE_DC, USE_AT, FRST_REGIST_PNTTM, FRST_REGISTER_ID, LAST_UPDT_PNTTM, LAST_UPDUSR_ID) 
VALUES ('COM084', 'OS04', 'Symbian', 'Symbian', 'Y',sysdate(), 'SYSTEM',sysdate(), 'SYSTEM');
INSERT INTO COMTC_CMMN_DETAIL_CODE(CODE_ID, CODE, CODE_NM, CODE_DC, USE_AT, FRST_REGIST_PNTTM, FRST_REGISTER_ID, LAST_UPDT_PNTTM, LAST_UPDUSR_ID) 
VALUES ('COM084', 'OS05', 'BrackBerry', 'BrackBerry', 'Y',sysdate(), 'SYSTEM',sysdate(), 'SYSTEM');
INSERT INTO COMTC_CMMN_DETAIL_CODE(CODE_ID, CODE, CODE_NM, CODE_DC, USE_AT, FRST_REGIST_PNTTM, FRST_REGISTER_ID, LAST_UPDT_PNTTM, LAST_UPDUSR_ID) 
VALUES ('COM084', 'OS06', 'Windows Mobile', 'Windows Mobile', 'Y',sysdate(), 'SYSTEM',sysdate(), 'SYSTEM');
INSERT INTO COMTC_CMMN_DETAIL_CODE(CODE_ID, CODE, CODE_NM, CODE_DC, USE_AT, FRST_REGIST_PNTTM, FRST_REGISTER_ID, LAST_UPDT_PNTTM, LAST_UPDUSR_ID) 
VALUES ('COM084', 'OS07', 'Windows Phone', 'Windows Phone', 'Y',sysdate(), 'SYSTEM',sysdate(), 'SYSTEM');

INSERT INTO COMTC_CMMN_DETAIL_CODE(CODE_ID, CODE, CODE_NM, CODE_DC, USE_AT, FRST_REGIST_PNTTM, FRST_REGISTER_ID, LAST_UPDT_PNTTM, LAST_UPDUSR_ID) 
VALUES ('COM085', 'REG01', '신규', '신규', 'Y',sysdate(), 'SYSTEM',sysdate(), 'SYSTEM');
INSERT INTO COMTC_CMMN_DETAIL_CODE(CODE_ID, CODE, CODE_NM, CODE_DC, USE_AT, FRST_REGIST_PNTTM, FRST_REGISTER_ID, LAST_UPDT_PNTTM, LAST_UPDUSR_ID) 
VALUES ('COM085', 'REG02', '등록완료', '등록완료', 'Y',sysdate(), 'SYSTEM',sysdate(), 'SYSTEM');

INSERT INTO COMTC_CMMN_DETAIL_CODE(CODE_ID, CODE, CODE_NM, CODE_DC, USE_AT, FRST_REGIST_PNTTM, FRST_REGISTER_ID, LAST_UPDT_PNTTM, LAST_UPDUSR_ID) 
VALUES ('COM086', '101', '춘천', '춘천', 'Y',sysdate(), 'SYSTEM',sysdate(), 'SYSTEM');
INSERT INTO COMTC_CMMN_DETAIL_CODE(CODE_ID, CODE, CODE_NM, CODE_DC, USE_AT, FRST_REGIST_PNTTM, FRST_REGISTER_ID, LAST_UPDT_PNTTM, LAST_UPDUSR_ID) 
VALUES ('COM086', '108', '서울', '서울', 'Y',sysdate(), 'SYSTEM',sysdate(), 'SYSTEM');
INSERT INTO COMTC_CMMN_DETAIL_CODE(CODE_ID, CODE, CODE_NM, CODE_DC, USE_AT, FRST_REGIST_PNTTM, FRST_REGISTER_ID, LAST_UPDT_PNTTM, LAST_UPDUSR_ID) 
VALUES ('COM086', '112', '인천', '인천', 'Y',sysdate(), 'SYSTEM',sysdate(), 'SYSTEM');
INSERT INTO COMTC_CMMN_DETAIL_CODE(CODE_ID, CODE, CODE_NM, CODE_DC, USE_AT, FRST_REGIST_PNTTM, FRST_REGISTER_ID, LAST_UPDT_PNTTM, LAST_UPDUSR_ID) 
VALUES ('COM086', '119', '수원', '수원', 'Y',sysdate(), 'SYSTEM',sysdate(), 'SYSTEM');
INSERT INTO COMTC_CMMN_DETAIL_CODE(CODE_ID, CODE, CODE_NM, CODE_DC, USE_AT, FRST_REGIST_PNTTM, FRST_REGISTER_ID, LAST_UPDT_PNTTM, LAST_UPDUSR_ID) 
VALUES ('COM086', '131', '청주', '청주', 'Y',sysdate(), 'SYSTEM',sysdate(), 'SYSTEM');
INSERT INTO COMTC_CMMN_DETAIL_CODE(CODE_ID, CODE, CODE_NM, CODE_DC, USE_AT, FRST_REGIST_PNTTM, FRST_REGISTER_ID, LAST_UPDT_PNTTM, LAST_UPDUSR_ID) 
VALUES ('COM086', '133', '대전', '대전', 'Y',sysdate(), 'SYSTEM',sysdate(), 'SYSTEM');
INSERT INTO COMTC_CMMN_DETAIL_CODE(CODE_ID, CODE, CODE_NM, CODE_DC, USE_AT, FRST_REGIST_PNTTM, FRST_REGISTER_ID, LAST_UPDT_PNTTM, LAST_UPDUSR_ID) 
VALUES ('COM086', '143', '대구', '대구', 'Y',sysdate(), 'SYSTEM',sysdate(), 'SYSTEM');
INSERT INTO COMTC_CMMN_DETAIL_CODE(CODE_ID, CODE, CODE_NM, CODE_DC, USE_AT, FRST_REGIST_PNTTM, FRST_REGISTER_ID, LAST_UPDT_PNTTM, LAST_UPDUSR_ID) 
VALUES ('COM086', '146', '전주', '전주', 'Y',sysdate(), 'SYSTEM',sysdate(), 'SYSTEM');
INSERT INTO COMTC_CMMN_DETAIL_CODE(CODE_ID, CODE, CODE_NM, CODE_DC, USE_AT, FRST_REGIST_PNTTM, FRST_REGISTER_ID, LAST_UPDT_PNTTM, LAST_UPDUSR_ID) 
VALUES ('COM086', '152', '울산', '울산', 'Y',sysdate(), 'SYSTEM',sysdate(), 'SYSTEM');
INSERT INTO COMTC_CMMN_DETAIL_CODE(CODE_ID, CODE, CODE_NM, CODE_DC, USE_AT, FRST_REGIST_PNTTM, FRST_REGISTER_ID, LAST_UPDT_PNTTM, LAST_UPDUSR_ID) 
VALUES ('COM086', '155', '창원', '창원', 'Y',sysdate(), 'SYSTEM',sysdate(), 'SYSTEM');
INSERT INTO COMTC_CMMN_DETAIL_CODE(CODE_ID, CODE, CODE_NM, CODE_DC, USE_AT, FRST_REGIST_PNTTM, FRST_REGISTER_ID, LAST_UPDT_PNTTM, LAST_UPDUSR_ID) 
VALUES ('COM086', '156', '광주', '광주', 'Y',sysdate(), 'SYSTEM',sysdate(), 'SYSTEM');
INSERT INTO COMTC_CMMN_DETAIL_CODE(CODE_ID, CODE, CODE_NM, CODE_DC, USE_AT, FRST_REGIST_PNTTM, FRST_REGISTER_ID, LAST_UPDT_PNTTM, LAST_UPDUSR_ID) 
VALUES ('COM086', '159', '부산', '부산', 'Y',sysdate(), 'SYSTEM',sysdate(), 'SYSTEM');
INSERT INTO COMTC_CMMN_DETAIL_CODE(CODE_ID, CODE, CODE_NM, CODE_DC, USE_AT, FRST_REGIST_PNTTM, FRST_REGISTER_ID, LAST_UPDT_PNTTM, LAST_UPDUSR_ID) 
VALUES ('COM086', '165', '목포', '목포', 'Y',sysdate(), 'SYSTEM',sysdate(), 'SYSTEM');
INSERT INTO COMTC_CMMN_DETAIL_CODE(CODE_ID, CODE, CODE_NM, CODE_DC, USE_AT, FRST_REGIST_PNTTM, FRST_REGISTER_ID, LAST_UPDT_PNTTM, LAST_UPDUSR_ID) 
VALUES ('COM086', '168', '여수', '여수', 'Y',sysdate(), 'SYSTEM',sysdate(), 'SYSTEM');
INSERT INTO COMTC_CMMN_DETAIL_CODE(CODE_ID, CODE, CODE_NM, CODE_DC, USE_AT, FRST_REGIST_PNTTM, FRST_REGISTER_ID, LAST_UPDT_PNTTM, LAST_UPDUSR_ID) 
VALUES ('COM086', '184', '제주', '제주', 'Y',sysdate(), 'SYSTEM',sysdate(), 'SYSTEM');
INSERT INTO COMTC_CMMN_DETAIL_CODE(CODE_ID, CODE, CODE_NM, CODE_DC, USE_AT, FRST_REGIST_PNTTM, FRST_REGISTER_ID, LAST_UPDT_PNTTM, LAST_UPDUSR_ID) 
VALUES ('COM086', '189', '서귀포', '서귀포', 'Y',sysdate(), 'SYSTEM',sysdate(), 'SYSTEM');

-- 그룹
INSERT INTO COMTN_AUTHOR_GROUP_INFO ( GROUP_ID, GROUP_NM, GROUP_CREAT_DE,GROUP_DC ) 
VALUES ( 'GROUP_00000000000000', '기본그룹',  sysdate(), '기본그룹입니다'); 

-- 조직 COMTN_ORGNZT_INFO
INSERT INTO COMTN_ORGNZT_INFO ( ORGNZT_ID, ORGNZT_NM, ORGNZT_DC ) 
VALUES ( 'ORGNZT_0000000000000', '기본조직', '기본조직'); 

-- cmm 패키지 끝 ----------------------------------------------------------------------------------------------------------------------------------

-- 업무사용자정보
INSERT INTO COMTN_EMPLYR_INFO ( EMPLYR_ID, ORGNZT_ID, USER_NM, PASSWORD, EMPL_NO, IHIDNUM, SEXDSTN_CODE, BRTHDY, FXNUM, HOUSE_ADRES, PASSWORD_HINT, PASSWORD_CNSR, HOUSE_END_TELNO, AREA_NO, DETAIL_ADRES, ZIP, OFFM_TELNO, MBTLNUM, EMAIL_ADRES, OFCPS_NM, HOUSE_MIDDLE_TELNO, GROUP_ID, PSTINST_CODE, EMPLYR_STTUS_CODE, ESNTL_ID, CRTFC_DN_VALUE, SBSCRB_DE ) 
VALUES ( 'TEST1', 'ORGNZT_0000000000000', '테스트1', 'ysEMwlIYvHFjf1oNG80HsUherMAg6xYZZMwmkkPXuGk=', '3', '1111111111118', 'F', '3       ', '123', '서울 중구 충무로1가', 'P02', '22', '3', '3', '1', '100011', NULL, NULL, 'a3@aa.aa', '3', '3', 'GROUP_00000000000000', '00000004', 'P', 'USRCNFRM_00000000000', NULL,  sysdate()); 
INSERT INTO COMTN_EMPLYR_INFO ( EMPLYR_ID, ORGNZT_ID, USER_NM, PASSWORD, EMPL_NO, IHIDNUM, SEXDSTN_CODE, BRTHDY, FXNUM, HOUSE_ADRES, PASSWORD_HINT, PASSWORD_CNSR, HOUSE_END_TELNO, AREA_NO, DETAIL_ADRES, ZIP, OFFM_TELNO, MBTLNUM, EMAIL_ADRES, OFCPS_NM, HOUSE_MIDDLE_TELNO, GROUP_ID, PSTINST_CODE, EMPLYR_STTUS_CODE, ESNTL_ID, CRTFC_DN_VALUE, SBSCRB_DE ) 
VALUES ( 'webmaster', 'ORGNZT_0000000000000', '웹마스터', 'ysEMwlIYvHFjf1oNG80HsUherMAg6xYZZMwmkkPXuGk=', '3', '1111111111118', 'F', '3       ', '123', '서울 중구 충무로1가', 'P02', '22', '3', '3', '1', '100011', NULL, NULL, 'a3@aa.aa', '3', '3', 'GROUP_00000000000000', '00000004', 'P', 'USRCNFRM_99999999999', NULL,  sysdate()); 

-- 약관정보
INSERT INTO COMTN_STPLAT_INFO ( USE_STPLAT_ID, INFO_PROVD_AGRE_CN, USE_STPLAT_CN, FRST_REGIST_PNTTM,FRST_REGISTER_ID, LAST_UPDT_PNTTM, LAST_UPDUSR_ID, USE_STPLAT_NM ) 
VALUES ( 'STPLAT_0000000000001', '제1조(목적 등)-개인회원', '개인정보의 수집 및 이용목적-개인회원',  sysdate(), 'USRCNFRM_00000000000',  NULL, NULL, '인터넷이용약관'); 
INSERT INTO COMTN_STPLAT_INFO ( USE_STPLAT_ID, INFO_PROVD_AGRE_CN, USE_STPLAT_CN, FRST_REGIST_PNTTM,FRST_REGISTER_ID, LAST_UPDT_PNTTM, LAST_UPDUSR_ID, USE_STPLAT_NM ) 
VALUES ( 'STPLAT_0000000000002', '제1조(목적 등)-기업회원', '개인정보의 수집 및 이용목적-기업회원',  sysdate(), 'USRCNFRM_00000000000',  NULL, NULL, '인터넷이용약관'); 

UPDATE COMTE_COPSEQ SET NEXT_ID=3 WHERE TABLE_NAME='STPLAT_ID';

-- 권한정보
INSERT INTO COMTN_AUTHOR_INFO ( AUTHOR_CODE, AUTHOR_NM, AUTHOR_DC, AUTHOR_CREAT_DE ) 
VALUES ('ROLE_ANONYMOUS', '익명 사용자', '익명사용자', sysdate()); 
INSERT INTO COMTN_AUTHOR_INFO ( AUTHOR_CODE, AUTHOR_NM, AUTHOR_DC, AUTHOR_CREAT_DE ) 
VALUES ( 'IS_AUTHENTICATED_ANONYMOUSLY', '익명 인증자', '익명으로 인증된 사용자', sysdate()); 
INSERT INTO COMTN_AUTHOR_INFO ( AUTHOR_CODE, AUTHOR_NM, AUTHOR_DC, AUTHOR_CREAT_DE ) 
VALUES ( 'IS_AUTHENTICATED_REMEMBERED', 'REMEMBERED 인증자', 'Token으로 인증된 사용자', sysdate()); 
INSERT INTO COMTN_AUTHOR_INFO ( AUTHOR_CODE, AUTHOR_NM, AUTHOR_DC, AUTHOR_CREAT_DE ) 
VALUES ( 'IS_AUTHENTICATED_FULLY', '완전 인증자', '완전히 인증된 사용자', sysdate()); 
INSERT INTO COMTN_AUTHOR_INFO ( AUTHOR_CODE, AUTHOR_NM, AUTHOR_DC, AUTHOR_CREAT_DE ) 
VALUES ( 'ROLE_RESTRICTED', '제한된 사용자', NULL, sysdate()); 
INSERT INTO COMTN_AUTHOR_INFO ( AUTHOR_CODE, AUTHOR_NM, AUTHOR_DC, AUTHOR_CREAT_DE ) 
VALUES ( 'ROLE_USER', '일반 사용자', NULL, sysdate()); 
INSERT INTO COMTN_AUTHOR_INFO ( AUTHOR_CODE, AUTHOR_NM, AUTHOR_DC, AUTHOR_CREAT_DE )
VALUES ( 'ROLE_ADMIN', '관리자', NULL, sysdate()); 

-- 롤 계층구조
INSERT INTO COMTN_ROLES_HIERARCHY (PARNTS_ROLE, CHLDRN_ROLE ) 
VALUES ( 'ROLE_ANONYMOUS', 'IS_AUTHENTICATED_ANONYMOUSLY'); 
INSERT INTO COMTN_ROLES_HIERARCHY (PARNTS_ROLE, CHLDRN_ROLE ) 
VALUES ( 'IS_AUTHENTICATED_ANONYMOUSLY', 'IS_AUTHENTICATED_REMEMBERED'); 
INSERT INTO COMTN_ROLES_HIERARCHY (PARNTS_ROLE, CHLDRN_ROLE ) 
VALUES ( 'IS_AUTHENTICATED_REMEMBERED', 'IS_AUTHENTICATED_FULLY'); 
INSERT INTO COMTN_ROLES_HIERARCHY (PARNTS_ROLE, CHLDRN_ROLE ) 
VALUES ( 'IS_AUTHENTICATED_FULLY', 'ROLE_RESTRICTED'); 
INSERT INTO COMTN_ROLES_HIERARCHY (PARNTS_ROLE, CHLDRN_ROLE ) 
VALUES ( 'ROLE_RESTRICTED', 'ROLE_USER'); 
INSERT INTO COMTN_ROLES_HIERARCHY (PARNTS_ROLE, CHLDRN_ROLE ) 
VALUES ( 'ROLE_USER', 'ROLE_ADMIN'); 

-- 사용자보안설정
INSERT INTO COMTN_EMPLYR_SCRTY_ESTBS (SCRTY_DTRMN_TRGET_ID, MBER_TY_CODE, AUTHOR_CODE) 
VALUES ('USRCNFRM_00000000000', '', 'ROLE_ADMIN');
INSERT INTO COMTN_EMPLYR_SCRTY_ESTBS (SCRTY_DTRMN_TRGET_ID, MBER_TY_CODE, AUTHOR_CODE) 
VALUES ('USRCNFRM_99999999999', '', 'ROLE_USER');

-- 프로그램목록
INSERT INTO COMTN_PROGRM_LIST ( PROGRM_FILE_NM, PROGRM_STRE_PATH, PROGRM_KOREAN_NM, PROGRM_DC, URL, CMMNTY_USE_AT ) 
VALUES ('BdMstrListByTrget', '/cob/com/', '커뮤니티게시판관리', '커뮤니티/동호회 게시판 관리', '/cop/com/listBdMstrByTrget.do', 'Y'); 
INSERT INTO COMTN_PROGRM_LIST ( PROGRM_FILE_NM, PROGRM_STRE_PATH, PROGRM_KOREAN_NM, PROGRM_DC, URL, CMMNTY_USE_AT ) 
VALUES ('EventCmpgnManage', '/uss/ion/ecc/', '행사/이벤트/캠페인관리', '행사/이벤트/캠페인관리', '/uss/ion/ecc/listEventCmpgn.do', 'Y'); 
INSERT INTO COMTN_PROGRM_LIST ( PROGRM_FILE_NM, PROGRM_STRE_PATH, PROGRM_KOREAN_NM, PROGRM_DC, URL, CMMNTY_USE_AT ) 
VALUES ('FaqManage', '/uss/olh/faq/', 'FAQ관리', 'FAQ관리', '/uss/olh/faq/listFaq.do', 'Y'); 
INSERT INTO COMTN_PROGRM_LIST ( PROGRM_FILE_NM, PROGRM_STRE_PATH, PROGRM_KOREAN_NM, PROGRM_DC, URL, CMMNTY_USE_AT ) 
VALUES ('AdbManage', '/cop/adb/', '주소록관리', '주소록관리', '/cop/adb/listAdressBook.do', 'Y'); 
INSERT INTO COMTN_PROGRM_LIST ( PROGRM_FILE_NM, PROGRM_STRE_PATH, PROGRM_KOREAN_NM, PROGRM_DC, URL, CMMNTY_USE_AT ) 
VALUES ('GroupManage', '/sec/grp/', '그룹관리', '그룹관리', '/sec/grp/listGroup.do', 'N'); 
INSERT INTO COMTN_PROGRM_LIST ( PROGRM_FILE_NM, PROGRM_STRE_PATH, PROGRM_KOREAN_NM, PROGRM_DC, URL, CMMNTY_USE_AT ) 
VALUES ('HpcmManage', '/uss/olh/hpc/', '도움말관리', '도움말관리', '/uss/olh/hpc/listHpcm.do', 'Y'); 
INSERT INTO COMTN_PROGRM_LIST ( PROGRM_FILE_NM, PROGRM_STRE_PATH, PROGRM_KOREAN_NM, PROGRM_DC, URL, CMMNTY_USE_AT ) 
VALUES ('CmmntyUserManage', '/cob/com/', '커뮤니티사용자관리', '커뮤니티사용자관리', '/cop/com/listCmmntyUser.do', 'Y'); 
INSERT INTO COMTN_PROGRM_LIST ( PROGRM_FILE_NM, PROGRM_STRE_PATH, PROGRM_KOREAN_NM, PROGRM_DC, URL, CMMNTY_USE_AT ) 
VALUES ('IdPasswordResult', '/uat/uia/', 'ID/PW찾기결과', 'ID/PW찾기결과', '/EgovPageLink.do?link=/uat/uia/EgovIdPasswordResult', 'N'); 
INSERT INTO COMTN_PROGRM_LIST ( PROGRM_FILE_NM, PROGRM_STRE_PATH, PROGRM_KOREAN_NM, PROGRM_DC, URL, CMMNTY_USE_AT ) 
VALUES ('IdPasswordSearch', '/uat/uia/', 'ID/PW찾기', 'ID/PW찾기', '/uat/uia/searchIdPassword.do', 'N'); 
INSERT INTO COMTN_PROGRM_LIST ( PROGRM_FILE_NM, PROGRM_STRE_PATH, PROGRM_KOREAN_NM, PROGRM_DC, URL, CMMNTY_USE_AT ) 
VALUES ('LoginLogList', '/sym/log/clg/', '로그인로그목록', '로그인로그 목록', '/sym/log/clg/listLoginLog.do', 'N'); 
INSERT INTO COMTN_PROGRM_LIST ( PROGRM_FILE_NM, PROGRM_STRE_PATH, PROGRM_KOREAN_NM, PROGRM_DC, URL, CMMNTY_USE_AT ) 
VALUES ('LoginUsr', '/uat/uia/', '로그인', '로그인', '/uat/uia/egovLoginUsr.do', 'N'); 
INSERT INTO COMTN_PROGRM_LIST ( PROGRM_FILE_NM, PROGRM_STRE_PATH, PROGRM_KOREAN_NM, PROGRM_DC, URL, CMMNTY_USE_AT ) 
VALUES ('MailRegist', '/cop/ems/', '발송메일등록', '발송메일등록', '/cop/ems/registSndngMail.do', NULL); 
INSERT INTO COMTN_PROGRM_LIST ( PROGRM_FILE_NM, PROGRM_STRE_PATH, PROGRM_KOREAN_NM, PROGRM_DC, URL, CMMNTY_USE_AT ) 
VALUES ('MberManage', '/uss/umt/', '일반회원관리', '일반회원관리', '/uss/umt/listMber.do', 'N'); 
INSERT INTO COMTN_PROGRM_LIST ( PROGRM_FILE_NM, PROGRM_STRE_PATH, PROGRM_KOREAN_NM, PROGRM_DC, URL, CMMNTY_USE_AT ) 
VALUES ('MeetingManage', '/uss/olp/mgt/', '회의관리', '회의관리', '/uss/olp/mgt/listMeeting.do', 'Y'); 
INSERT INTO COMTN_PROGRM_LIST ( PROGRM_FILE_NM, PROGRM_STRE_PATH, PROGRM_KOREAN_NM, PROGRM_DC, URL, CMMNTY_USE_AT ) 
VALUES ('MenuCreatManage', '/sym/mnu/mcm/', '메뉴생성', '메뉴생성', '/sym/mnu/mcm/listMenuCreat.do', 'N'); 
INSERT INTO COMTN_PROGRM_LIST ( PROGRM_FILE_NM, PROGRM_STRE_PATH, PROGRM_KOREAN_NM, PROGRM_DC, URL, CMMNTY_USE_AT ) 
VALUES ('MenuTreeManage', '/sym/mnu/mpm/', '메뉴트리관리', '메뉴트리 리스트 조회', '/sym/mnu/mpm/listMenuTree.do', 'N'); 
INSERT INTO COMTN_PROGRM_LIST ( PROGRM_FILE_NM, PROGRM_STRE_PATH, PROGRM_KOREAN_NM, PROGRM_DC, URL, CMMNTY_USE_AT ) 
VALUES ('MenuManage', '/sym/mnu/mpm/', '메뉴관리', '메뉴관리', '/sym/mnu/mpm/listMenu.do', 'N'); 
INSERT INTO COMTN_PROGRM_LIST ( PROGRM_FILE_NM, PROGRM_STRE_PATH, PROGRM_KOREAN_NM, PROGRM_DC, URL, CMMNTY_USE_AT ) 
VALUES ('MyNcrdManage', '/cop/ncm/', '내명함관리', '내명함관리', '/cop/ncm/listNameCard.do', 'Y'); 
INSERT INTO COMTN_PROGRM_LIST ( PROGRM_FILE_NM, PROGRM_STRE_PATH, PROGRM_KOREAN_NM, PROGRM_DC, URL, CMMNTY_USE_AT ) 
VALUES ('NcrdManage', '/cop/ncm/', '공개명함목록', '공개명함 목록 조회', '/cop/ncm/listNameCardPublic.do', 'Y'); 
INSERT INTO COMTN_PROGRM_LIST ( PROGRM_FILE_NM, PROGRM_STRE_PATH, PROGRM_KOREAN_NM, PROGRM_DC, URL, CMMNTY_USE_AT ) 
VALUES ('NewsInfoManage', '/uss/ion/nws/', '뉴스관리', '뉴스관리', '/uss/ion/nws/listNewsInfo.do', 'Y'); 
INSERT INTO COMTN_PROGRM_LIST ( PROGRM_FILE_NM, PROGRM_STRE_PATH, PROGRM_KOREAN_NM, PROGRM_DC, URL, CMMNTY_USE_AT ) 
VALUES ('NormalCalPopup', '/sym/cal/', '일반달력', '일반달력', '/sym/cal/NormalCalPopup.do', 'N'); 
INSERT INTO COMTN_PROGRM_LIST ( PROGRM_FILE_NM, PROGRM_STRE_PATH, PROGRM_KOREAN_NM, PROGRM_DC, URL, CMMNTY_USE_AT ) 
VALUES ('ProgramChangeRequst', '/sym/prm/', '프로그램변경요청', '프로그램변경요청', '/sym/prm/listProgramChangeRequst.do', 'N'); 
INSERT INTO COMTN_PROGRM_LIST ( PROGRM_FILE_NM, PROGRM_STRE_PATH, PROGRM_KOREAN_NM, PROGRM_DC, URL, CMMNTY_USE_AT ) 
VALUES ('ProgramChangeRequstProcess', '/sym/prm/', '프로그램변경요청처리', '프로그램변경요청처리', '/sym/prm/listProgramChangeProcess.do', 'N'); 
INSERT INTO COMTN_PROGRM_LIST ( PROGRM_FILE_NM, PROGRM_STRE_PATH, PROGRM_KOREAN_NM, PROGRM_DC, URL, CMMNTY_USE_AT ) 
VALUES ('ProgramChgHst', '/sym/prm/', '프로그램이력관리', '프로그램이력관리', '/sym/prm/listProgramChgHst.do', 'N'); 
INSERT INTO COMTN_PROGRM_LIST ( PROGRM_FILE_NM, PROGRM_STRE_PATH, PROGRM_KOREAN_NM, PROGRM_DC, URL, CMMNTY_USE_AT ) 
VALUES ('ProgramManage', '/sym/prm/', '프로그램관리', '프로그램관리', '/sym/prm/listProgram.do', 'N'); 
INSERT INTO COMTN_PROGRM_LIST ( PROGRM_FILE_NM, PROGRM_STRE_PATH, PROGRM_KOREAN_NM, PROGRM_DC, URL, CMMNTY_USE_AT ) 
VALUES ('QnaAnswerManage', '/uss/olh/qnm/', 'QnA답변관리', 'QnA관리', '/uss/olh/qnm/listQnaAnswer.do', 'Y'); 
INSERT INTO COMTN_PROGRM_LIST ( PROGRM_FILE_NM, PROGRM_STRE_PATH, PROGRM_KOREAN_NM, PROGRM_DC, URL, CMMNTY_USE_AT ) 
VALUES ('QnaManage', '/uss/olh/qna/', 'QnA관리', 'QnA관리', '/uss/olh/qna/listQna.do', 'Y'); 
INSERT INTO COMTN_PROGRM_LIST ( PROGRM_FILE_NM, PROGRM_STRE_PATH, PROGRM_KOREAN_NM, PROGRM_DC, URL, CMMNTY_USE_AT ) 
VALUES ('QustnrItemManage', '/uss/olp/qim/', '설문항목관리', '설문항목목록 조회', '/uss/olp/qim/listQustnrItem.do', 'N'); 
INSERT INTO COMTN_PROGRM_LIST ( PROGRM_FILE_NM, PROGRM_STRE_PATH, PROGRM_KOREAN_NM, PROGRM_DC, URL, CMMNTY_USE_AT ) 
VALUES ('QustnrManage', '/uss/olp/qmc/', '설문지관리', '설문지관리', '/uss/olp/qmc/listQustnr.do', 'Y'); 
INSERT INTO COMTN_PROGRM_LIST ( PROGRM_FILE_NM, PROGRM_STRE_PATH, PROGRM_KOREAN_NM, PROGRM_DC, URL, CMMNTY_USE_AT ) 
VALUES ('QustnrQestnManage', '/uss/olp/qqm/', '설문문항관리', '설문문항관리', '/uss/olp/qqm/listQustnrQestn.do', 'N'); 
INSERT INTO COMTN_PROGRM_LIST ( PROGRM_FILE_NM, PROGRM_STRE_PATH, PROGRM_KOREAN_NM, PROGRM_DC, URL, CMMNTY_USE_AT ) 
VALUES ('QustnrRespondInfoManage', '/uss/olp/qri/', '설문조사결과관리', '설문조사결과관리', '/uss/olp/qri/listQustnrRespondInfo.do', 'N'); 
INSERT INTO COMTN_PROGRM_LIST ( PROGRM_FILE_NM, PROGRM_STRE_PATH, PROGRM_KOREAN_NM, PROGRM_DC, URL, CMMNTY_USE_AT ) 
VALUES ('QustnrRespondInfo', '/uss/olp/qri/', '설문참여', '설문참여', '/uss/olp/qri/listQustnrRespondInfoUser.do', 'Y'); 
INSERT INTO COMTN_PROGRM_LIST ( PROGRM_FILE_NM, PROGRM_STRE_PATH, PROGRM_KOREAN_NM, PROGRM_DC, URL, CMMNTY_USE_AT ) 
VALUES ('QustnrRespondManage', '/uss/olp/qrm/', '설문응답자관리', '설문응답자관리', '/uss/olp/qrm/listQustnrRespond.do', 'N'); 
INSERT INTO COMTN_PROGRM_LIST ( PROGRM_FILE_NM, PROGRM_STRE_PATH, PROGRM_KOREAN_NM, PROGRM_DC, URL, CMMNTY_USE_AT ) 
VALUES ('QustnrTmplatManage', 'uss/olp/qtm/', '설문템플릿관리', '설문템플릿관리', '/uss/olp/qtm/listQustnrTmplat.do', 'N'); 
INSERT INTO COMTN_PROGRM_LIST ( PROGRM_FILE_NM, PROGRM_STRE_PATH, PROGRM_KOREAN_NM, PROGRM_DC, URL, CMMNTY_USE_AT ) 
VALUES ('RecomendSiteManage', '/uss/ion/rec/', '추천사이트관리', '추천사이트관리 목록 조회', '/uss/ion/rec/listRecomendSite.do', 'Y'); 
INSERT INTO COMTN_PROGRM_LIST ( PROGRM_FILE_NM, PROGRM_STRE_PATH, PROGRM_KOREAN_NM, PROGRM_DC, URL, CMMNTY_USE_AT ) 
VALUES ('RestdeManage', '/sym/cal/', '휴일관리', '휴일관리', '/sym/cal/listRestde.do', 'N'); 
INSERT INTO COMTN_PROGRM_LIST ( PROGRM_FILE_NM, PROGRM_STRE_PATH, PROGRM_KOREAN_NM, PROGRM_DC, URL, CMMNTY_USE_AT ) 
VALUES ('RlnmCnfirm', '/uss/umt/cmm/', '주민번호실명인증', '실명인증확인화면 호출(주민번호)', '/uss/umt/cmm/confirmRlnm.do', 'N'); 
INSERT INTO COMTN_PROGRM_LIST ( PROGRM_FILE_NM, PROGRM_STRE_PATH, PROGRM_KOREAN_NM, PROGRM_DC, URL, CMMNTY_USE_AT ) 
VALUES ('MtgPlaceResveManage', '/uss/ion/mtg/', '회의실예약관리', '회의실 예약 관리', '/uss/ion/mtg/listMtgPlaceResve.do', 'Y'); 
INSERT INTO COMTN_PROGRM_LIST ( PROGRM_FILE_NM, PROGRM_STRE_PATH, PROGRM_KOREAN_NM, PROGRM_DC, URL, CMMNTY_USE_AT ) 
VALUES ('RlnmPinCnfirm', '/uss/umt/cmm/', 'GPIN실명인증', '실명인증확인화면 호출(GPIN)', '/uss/umt/cmm/confirmRlnmPin.do', 'N'); 
INSERT INTO COMTN_PROGRM_LIST ( PROGRM_FILE_NM, PROGRM_STRE_PATH, PROGRM_KOREAN_NM, PROGRM_DC, URL, CMMNTY_USE_AT ) 
VALUES ('MailManage', '/cop/ems', '발송내역목록', '발송내역 목록', '/cop/ems/listSndngMail.do', NULL); 
INSERT INTO COMTN_PROGRM_LIST ( PROGRM_FILE_NM, PROGRM_STRE_PATH, PROGRM_KOREAN_NM, PROGRM_DC, URL, CMMNTY_USE_AT ) 
VALUES ('SchdulManage', '/cop/smt/sim/', '일정관리', '일정관리', '/cop/smt/sim/listSchdul.do', 'Y'); 
INSERT INTO COMTN_PROGRM_LIST ( PROGRM_FILE_NM, PROGRM_STRE_PATH, PROGRM_KOREAN_NM, PROGRM_DC, URL, CMMNTY_USE_AT ) 
VALUES ('DiaryManage', '/cop/smt/dsm/', '일지관리', '일지관리', '/cop/smt/dsm/listDiary.do', 'Y'); 
INSERT INTO COMTN_PROGRM_LIST ( PROGRM_FILE_NM, PROGRM_STRE_PATH, PROGRM_KOREAN_NM, PROGRM_DC, URL, CMMNTY_USE_AT ) 
VALUES ('CmmntyMenuManage', '/cop/cmy/', '커뮤니티메뉴관리', '커뮤니티메뉴관리', '/cop/cmy/listMenu.do', 'N'); 
INSERT INTO COMTN_PROGRM_LIST ( PROGRM_FILE_NM, PROGRM_STRE_PATH, PROGRM_KOREAN_NM, PROGRM_DC, URL, CMMNTY_USE_AT ) 
VALUES ('ResourceManage', '/sec/rmt/', '접근자원관리', '접근자원관리', '/sec/rmt/listResource.do', 'N'); 
INSERT INTO COMTN_PROGRM_LIST ( PROGRM_FILE_NM, PROGRM_STRE_PATH, PROGRM_KOREAN_NM, PROGRM_DC, URL, CMMNTY_USE_AT ) 
VALUES ('ScrinStats', '/sts/sst/', '화면통계', '화면 통계', '/sts/sst/selectScrinStats.do', NULL); 
INSERT INTO COMTN_PROGRM_LIST ( PROGRM_FILE_NM, PROGRM_STRE_PATH, PROGRM_KOREAN_NM, PROGRM_DC, URL, CMMNTY_USE_AT ) 
VALUES ('SiteManage', '/uss/ion/sit/', '사이트관리', '사이트관리', '/uss/ion/sit/listSiteInfo.do', 'N'); 
INSERT INTO COMTN_PROGRM_LIST ( PROGRM_FILE_NM, PROGRM_STRE_PATH, PROGRM_KOREAN_NM, PROGRM_DC, URL, CMMNTY_USE_AT ) 
VALUES ('SiteMap', '/sym/mnu/stm/', '사이트맵', '사이트맵', '/sym/mnu/stm/siteMapng.do', 'N'); 
INSERT INTO COMTN_PROGRM_LIST ( PROGRM_FILE_NM, PROGRM_STRE_PATH, PROGRM_KOREAN_NM, PROGRM_DC, URL, CMMNTY_USE_AT ) 
VALUES ('StplatCnfirmEntrprs', '/uss/umt/', '기업회원약관확인', '기업회원 약관확인', '/uss/umt/stplatEntrprsMberView.do', 'N'); 
INSERT INTO COMTN_PROGRM_LIST ( PROGRM_FILE_NM, PROGRM_STRE_PATH, PROGRM_KOREAN_NM, PROGRM_DC, URL, CMMNTY_USE_AT ) 
VALUES ('StplatCnfirmMber', '/uss/umt/', '일반회원약관확인', '일반회원 약관확인', '/uss/umt/splatMberView.do', 'N'); 
INSERT INTO COMTN_PROGRM_LIST ( PROGRM_FILE_NM, PROGRM_STRE_PATH, PROGRM_KOREAN_NM, PROGRM_DC, URL, CMMNTY_USE_AT ) 
VALUES ('StplatManage', '/uss/sam/stp/', '약관관리', '약관관리', '/uss/sam/stp/listStplat.do', 'N'); 
INSERT INTO COMTN_PROGRM_LIST ( PROGRM_FILE_NM, PROGRM_STRE_PATH, PROGRM_KOREAN_NM, PROGRM_DC, URL, CMMNTY_USE_AT ) 
VALUES ('SysHistList', '/sym/log/slg/', '시스템이력목록', '시스템이력 목록 조회', '/sym/log/slg/listSysHistory.do', 'N'); 
INSERT INTO COMTN_PROGRM_LIST ( PROGRM_FILE_NM, PROGRM_STRE_PATH, PROGRM_KOREAN_NM, PROGRM_DC, URL, CMMNTY_USE_AT ) 
VALUES ('SysLogList', '/sym/log/lgm/', '시스템로그목록', '시스템로그 목록', '/sym/log/lgm/listSysLog.do', 'N'); 
INSERT INTO COMTN_PROGRM_LIST ( PROGRM_FILE_NM, PROGRM_STRE_PATH, PROGRM_KOREAN_NM, PROGRM_DC, URL, CMMNTY_USE_AT ) 
VALUES ('TemplateManage', '/cop/tpl/', '템플릿관리', '템플릿관리', '/cop/tpl/listTemplate.do', 'N'); 
INSERT INTO COMTN_PROGRM_LIST ( PROGRM_FILE_NM, PROGRM_STRE_PATH, PROGRM_KOREAN_NM, PROGRM_DC, URL, CMMNTY_USE_AT ) 
VALUES ('TnextrlHrInfoManage', '/uss/ion/ecc/', '외부인사관리', '외부인사관리', '/uss/ion/ecc/listTnextrlHrInfo.do', 'Y'); 
INSERT INTO COMTN_PROGRM_LIST ( PROGRM_FILE_NM, PROGRM_STRE_PATH, PROGRM_KOREAN_NM, PROGRM_DC, URL, CMMNTY_USE_AT ) 
VALUES ('TrsmrcvLogList', '/sym/log/tlg/', '송수신로그목록', '송수신로그 목록', '/sym/log/tlg/listTrsmrcvLog.do', 'N'); 
INSERT INTO COMTN_PROGRM_LIST ( PROGRM_FILE_NM, PROGRM_STRE_PATH, PROGRM_KOREAN_NM, PROGRM_DC, URL, CMMNTY_USE_AT ) 
VALUES ('ScrapManage', '/cop/scp/', '스크랩관리', '스크랩관리', '/cop/scp/listScrap.do', 'Y'); 
INSERT INTO COMTN_PROGRM_LIST ( PROGRM_FILE_NM, PROGRM_STRE_PATH, PROGRM_KOREAN_NM, PROGRM_DC, URL, CMMNTY_USE_AT ) 
VALUES ('OnlinePollManage', '/uss/olp/opm/', '온라인Poll관리', ' ', '/uss/olp/opm/listOnlinePoll.do', 'Y'); 
INSERT INTO COMTN_PROGRM_LIST ( PROGRM_FILE_NM, PROGRM_STRE_PATH, PROGRM_KOREAN_NM, PROGRM_DC, URL, CMMNTY_USE_AT ) 
VALUES ('OnlinePollPartcptn', '/uss/olp/opp/', '온라인Poll참여', ' ', '/uss/olp/opp/listOnlinePollPartcptn.do', 'Y'); 
INSERT INTO COMTN_PROGRM_LIST ( PROGRM_FILE_NM, PROGRM_STRE_PATH, PROGRM_KOREAN_NM, PROGRM_DC, URL, CMMNTY_USE_AT ) 
VALUES ('UserLogList', '/sym/log/ulg/', '사용자로그목록', '사용자로그 목록', '/sym/log/ulg/listUserLog.do', 'N'); 
INSERT INTO COMTN_PROGRM_LIST ( PROGRM_FILE_NM, PROGRM_STRE_PATH, PROGRM_KOREAN_NM, PROGRM_DC, URL, CMMNTY_USE_AT ) 
VALUES ('UserManage', '/uss/umt/', '업무사용자관리', '사용자목록을 조회한다. (pageing)', '/uss/umt/listUser.do', 'N'); 
INSERT INTO COMTN_PROGRM_LIST ( PROGRM_FILE_NM, PROGRM_STRE_PATH, PROGRM_KOREAN_NM, PROGRM_DC, URL, CMMNTY_USE_AT ) 
VALUES ('UserStats', '/sts/ust/', '사용자통계', '사용자 통계', '/sts/ust/selectUserStats.do', NULL); 
INSERT INTO COMTN_PROGRM_LIST ( PROGRM_FILE_NM, PROGRM_STRE_PATH, PROGRM_KOREAN_NM, PROGRM_DC, URL, CMMNTY_USE_AT ) 
VALUES ('WebLogList', '/sym/log/wlg/', '웹로그목록', '웹로그 목록', '/sym/log/wlg/listWebLog.do', 'N'); 
INSERT INTO COMTN_PROGRM_LIST ( PROGRM_FILE_NM, PROGRM_STRE_PATH, PROGRM_KOREAN_NM, PROGRM_DC, URL, CMMNTY_USE_AT ) 
VALUES ('WordDicaryManage', '/uss/olh/wor/', '용어사전관리', '용어사전관리', '/uss/olh/wor/listWordDicary.do', NULL); 
INSERT INTO COMTN_PROGRM_LIST ( PROGRM_FILE_NM, PROGRM_STRE_PATH, PROGRM_KOREAN_NM, PROGRM_DC, URL, CMMNTY_USE_AT ) 
VALUES ('MemoTodoManage', '/cop/smt/mtm/', '메모할일관리', '메모할일관리', '/cop/smt/mtm/listMemoTodo.do', 'Y'); 
INSERT INTO COMTN_PROGRM_LIST ( PROGRM_FILE_NM, PROGRM_STRE_PATH, PROGRM_KOREAN_NM, PROGRM_DC, URL, CMMNTY_USE_AT ) 
VALUES ('CmmntyClubManage', '/cop/cmy/', '커뮤니티동호회관리', ' ', '/cop/cmy/listClubByTrget.do', 'Y'); 
INSERT INTO COMTN_PROGRM_LIST ( PROGRM_FILE_NM, PROGRM_STRE_PATH, PROGRM_KOREAN_NM, PROGRM_DC, URL, CMMNTY_USE_AT ) 
VALUES ('MtgPlaceManage', '/uss/ion/mtg/', '회의실관리', '회의실 관리', '/uss/ion/mtg/listMtgPlace.do', 'Y'); 
INSERT INTO COMTN_PROGRM_LIST ( PROGRM_FILE_NM, PROGRM_STRE_PATH, PROGRM_KOREAN_NM, PROGRM_DC, URL, CMMNTY_USE_AT ) 
VALUES ('dir', 'dir', '디렉토리', '디렉토리', 'dir', NULL); 
INSERT INTO COMTN_PROGRM_LIST ( PROGRM_FILE_NM, PROGRM_STRE_PATH, PROGRM_KOREAN_NM, PROGRM_DC, URL, CMMNTY_USE_AT ) 
VALUES ('AdministCalPopup', '/sym/cal/', '행정달력', '행정달력', '/sym/cal/AdministCalPopup.do', 'N'); 
INSERT INTO COMTN_PROGRM_LIST ( PROGRM_FILE_NM, PROGRM_STRE_PATH, PROGRM_KOREAN_NM, PROGRM_DC, URL, CMMNTY_USE_AT ) 
VALUES ('AlumnusManage', '/cop/alm/', '동문관리', '동문관리', '/cop/alm/listAlumnus.do', 'Y'); 
INSERT INTO COMTN_PROGRM_LIST ( PROGRM_FILE_NM, PROGRM_STRE_PATH, PROGRM_KOREAN_NM, PROGRM_DC, URL, CMMNTY_USE_AT ) 
VALUES ('GroupAuthorManage', '/sec/grp/', '그룹권한관리', '그룹권한관리', '/sec/grp/listGroupAuthor.do', 'N'); 
INSERT INTO COMTN_PROGRM_LIST ( PROGRM_FILE_NM, PROGRM_STRE_PATH, PROGRM_KOREAN_NM, PROGRM_DC, URL, CMMNTY_USE_AT ) 
VALUES ('AuthorManage', '/sec/arm/', '권한관리', '권한관리', '/sec/arm/listAuthor.do', 'N'); 
INSERT INTO COMTN_PROGRM_LIST ( PROGRM_FILE_NM, PROGRM_STRE_PATH, PROGRM_KOREAN_NM, PROGRM_DC, URL, CMMNTY_USE_AT ) 
VALUES ('BbsStats', '/sts/bst/', '게시물통계', '게시물 통계', '/sts/bst/selectBbsStats.do', NULL); 
INSERT INTO COMTN_PROGRM_LIST ( PROGRM_FILE_NM, PROGRM_STRE_PATH, PROGRM_KOREAN_NM, PROGRM_DC, URL, CMMNTY_USE_AT ) 
VALUES ('BoardExampleAnonymous', '/cop/bbs/', '익명게시판예시', '익명게시판 예시 게시판입니다.', '/content/board/5/articles', NULL); 
INSERT INTO COMTN_PROGRM_LIST ( PROGRM_FILE_NM, PROGRM_STRE_PATH, PROGRM_KOREAN_NM, PROGRM_DC, URL, CMMNTY_USE_AT ) 
VALUES ('BoardExampleData', '/cop/bbs/', '자료실예시', '자료시 예시 게시판입니다.', '/content/board/6/articles', NULL); 
INSERT INTO COMTN_PROGRM_LIST ( PROGRM_FILE_NM, PROGRM_STRE_PATH, PROGRM_KOREAN_NM, PROGRM_DC, URL, CMMNTY_USE_AT ) 
VALUES ('BoardExampleGuest', '/cop/bbs/', '방명록예시', '방명록 예시 게시판입니다.', '/content/board/2/articles', NULL); 
INSERT INTO COMTN_PROGRM_LIST ( PROGRM_FILE_NM, PROGRM_STRE_PATH, PROGRM_KOREAN_NM, PROGRM_DC, URL, CMMNTY_USE_AT ) 
VALUES ('BoardExamplePicture', '/cop/bbs/', '사진첩예시', '사진첩에 대한 예시 게시판입니다.', '/content/board/4/articles', NULL); 
INSERT INTO COMTN_PROGRM_LIST ( PROGRM_FILE_NM, PROGRM_STRE_PATH, PROGRM_KOREAN_NM, PROGRM_DC, URL, CMMNTY_USE_AT ) 
VALUES ('BoardExampleValidity', '/cop/bbs/', '유효게시판예시', '유효게시판 예시 게시판입니다.', '/content/board/3/articles', NULL); 
INSERT INTO COMTN_PROGRM_LIST ( PROGRM_FILE_NM, PROGRM_STRE_PATH, PROGRM_KOREAN_NM, PROGRM_DC, URL, CMMNTY_USE_AT ) 
VALUES ('BoardMstrManage', '/cop/bbs/', '게시판관리', '게시판관리', '/cop/bbs/listBoardMaster.do', 'N'); 
INSERT INTO COMTN_PROGRM_LIST ( PROGRM_FILE_NM, PROGRM_STRE_PATH, PROGRM_KOREAN_NM, PROGRM_DC, URL, CMMNTY_USE_AT ) 
VALUES ('BoardUseInfManage', '/cop/bbs/', '게시판사용관리', '게시판사용관리', '/cop/bbs/listBoardUseInf.do', 'N'); 
INSERT INTO COMTN_PROGRM_LIST ( PROGRM_FILE_NM, PROGRM_STRE_PATH, PROGRM_KOREAN_NM, PROGRM_DC, URL, CMMNTY_USE_AT ) 
VALUES ('AdministCodeManage', '/sym/ccm/adc/', '행정코드관리', '행정코드관리', '/sym/ccm/adc/listAdministCode.do', 'N'); 
INSERT INTO COMTN_PROGRM_LIST ( PROGRM_FILE_NM, PROGRM_STRE_PATH, PROGRM_KOREAN_NM, PROGRM_DC, URL, CMMNTY_USE_AT ) 
VALUES ('CmmnClCodeManage', '/sym/ccm/ccc/', '공통분류코드관리', '공통분류코드관리', '/sym/ccm/ccc/listCmmnClCode.do', 'N'); 
INSERT INTO COMTN_PROGRM_LIST ( PROGRM_FILE_NM, PROGRM_STRE_PATH, PROGRM_KOREAN_NM, PROGRM_DC, URL, CMMNTY_USE_AT ) 
VALUES ('CmmnCodeManage', '/sym/ccm/cca/', '공통코드관리', '공통코드관리', '/sym/ccm/cca/listCmmnCode.do', 'N'); 
INSERT INTO COMTN_PROGRM_LIST ( PROGRM_FILE_NM, PROGRM_STRE_PATH, PROGRM_KOREAN_NM, PROGRM_DC, URL, CMMNTY_USE_AT ) 
VALUES ('CmmnDetailCodeManage', '/sym/ccm/cde/', '공통상세코드관리', '공통상세코드관리', '/sym/ccm/cde/listCmmnDetailCode.do', 'Y'); 
INSERT INTO COMTN_PROGRM_LIST ( PROGRM_FILE_NM, PROGRM_STRE_PATH, PROGRM_KOREAN_NM, PROGRM_DC, URL, CMMNTY_USE_AT ) 
VALUES ('ZipManage', '/sym/ccm/zip/', '우편번호관리', '우편번호관리', '/sym/ccm/zip/listZip.do', 'N'); 
INSERT INTO COMTN_PROGRM_LIST ( PROGRM_FILE_NM, PROGRM_STRE_PATH, PROGRM_KOREAN_NM, PROGRM_DC, URL, CMMNTY_USE_AT ) 
VALUES ('ZipSearchPopup', '/sym/cmm/', '우편번호찾기', '우편번호찾기', '/sym/cmm/zip/callZipPopup.do', 'N'); 
INSERT INTO COMTN_PROGRM_LIST ( PROGRM_FILE_NM, PROGRM_STRE_PATH, PROGRM_KOREAN_NM, PROGRM_DC, URL, CMMNTY_USE_AT ) 
VALUES ('ClubManage', '/cop/clb/', '동호회관리', '동호회관리', '/cop/clb/listClub.do', 'N'); 
INSERT INTO COMTN_PROGRM_LIST ( PROGRM_FILE_NM, PROGRM_STRE_PATH, PROGRM_KOREAN_NM, PROGRM_DC, URL, CMMNTY_USE_AT ) 
VALUES ('CmmntyManage', '/cop/cmy/', '커뮤니티관리', '커뮤니티관리', '/cop/cmy/listCommunity.do', 'N'); 
INSERT INTO COMTN_PROGRM_LIST ( PROGRM_FILE_NM, PROGRM_STRE_PATH, PROGRM_KOREAN_NM, PROGRM_DC, URL, CMMNTY_USE_AT ) 
VALUES ('CnsltAnswerManage', '/uss/olp/cnm/', '상담답변관리', '상담관리', '/uss/olp/cnm/listCnsltAnswer.do', 'Y'); 
INSERT INTO COMTN_PROGRM_LIST ( PROGRM_FILE_NM, PROGRM_STRE_PATH, PROGRM_KOREAN_NM, PROGRM_DC, URL, CMMNTY_USE_AT ) 
VALUES ('CnsltManage', '/uss/olp/cns/', '상담관리', '상담관리', '/uss/olp/cns/listCnslt.do', 'Y'); 
INSERT INTO COMTN_PROGRM_LIST ( PROGRM_FILE_NM, PROGRM_STRE_PATH, PROGRM_KOREAN_NM, PROGRM_DC, URL, CMMNTY_USE_AT ) 
VALUES ('ConectStats', '/sts/cst/', '접속통계', '접속 통계', '/sts/cst/selectConectStats.do', NULL); 
INSERT INTO COMTN_PROGRM_LIST ( PROGRM_FILE_NM, PROGRM_STRE_PATH, PROGRM_KOREAN_NM, PROGRM_DC, URL, CMMNTY_USE_AT ) 
VALUES ('ConfirmManage', '/cop/com/', '승인관리', '승인관리', '/cop/com/listConfirmByTrget.do', 'Y'); 
INSERT INTO COMTN_PROGRM_LIST ( PROGRM_FILE_NM, PROGRM_STRE_PATH, PROGRM_KOREAN_NM, PROGRM_DC, URL, CMMNTY_USE_AT ) 
VALUES ('CpyrhtPrtcPolicyManage', '/uss/sam/cpy/', '저작권보호정책관리', '저작권보호정책관리', '/uss/sam/cpy/listCpyrhtPrtcPolicy.do', 'N'); 
INSERT INTO COMTN_PROGRM_LIST ( PROGRM_FILE_NM, PROGRM_STRE_PATH, PROGRM_KOREAN_NM, PROGRM_DC, URL, CMMNTY_USE_AT ) 
VALUES ('DeptAuthorManage', '/sec/dpt/', '부서권한관리', '부서권한관리', '/sec/dpt/listDeptAuthor.do', 'N'); 
INSERT INTO COMTN_PROGRM_LIST ( PROGRM_FILE_NM, PROGRM_STRE_PATH, PROGRM_KOREAN_NM, PROGRM_DC, URL, CMMNTY_USE_AT ) 
VALUES ('EntrprsMberManage', '/uss/umt/', '기업회원관리', '기업회원목록을 조회한다. (pageing)', '/uss/umt/listEntrprsMber.do', 'N'); 

-- 메뉴정보
INSERT INTO COMTN_MENU_INFO ( MENU_NM, PROGRM_FILE_NM, MENU_NO, UPPER_MENU_NO, MENU_ORDR, MENU_DC, RELATE_IMAGE_PATH, RELATE_IMAGE_NM ) 
VALUES ('root', 'dir', 0, 0, 1, 'root', '/', '/'); 
INSERT INTO COMTN_MENU_INFO ( MENU_NM, PROGRM_FILE_NM, MENU_NO, UPPER_MENU_NO, MENU_ORDR, MENU_DC, RELATE_IMAGE_PATH, RELATE_IMAGE_NM ) 
VALUES ('보안관리', 'dir', 1000000, 0, 1, '보안관리', '/', '/'); 
INSERT INTO COMTN_MENU_INFO ( MENU_NM, PROGRM_FILE_NM, MENU_NO, UPPER_MENU_NO, MENU_ORDR, MENU_DC, RELATE_IMAGE_PATH, RELATE_IMAGE_NM ) 
VALUES ('권한관리', 'AuthorManage', 1010000, 1000000, 1, '권한관리', '/', '/'); 
INSERT INTO COMTN_MENU_INFO ( MENU_NM, PROGRM_FILE_NM, MENU_NO, UPPER_MENU_NO, MENU_ORDR, MENU_DC, RELATE_IMAGE_PATH, RELATE_IMAGE_NM ) 
VALUES ('그룹관리', 'GroupManage', 1020000, 1000000, 3, '그룹관리', '/', '/'); 
INSERT INTO COMTN_MENU_INFO ( MENU_NM, PROGRM_FILE_NM, MENU_NO, UPPER_MENU_NO, MENU_ORDR, MENU_DC, RELATE_IMAGE_PATH, RELATE_IMAGE_NM ) 
VALUES ('그룹권한관리', 'GroupAuthorManage', 1030000, 1000000, 2, '권한그룹관리', '/', '/'); 
INSERT INTO COMTN_MENU_INFO ( MENU_NM, PROGRM_FILE_NM, MENU_NO, UPPER_MENU_NO, MENU_ORDR, MENU_DC, RELATE_IMAGE_PATH, RELATE_IMAGE_NM ) 
VALUES ('접근자원관리', 'ResourceManage', 1040000, 1000000, 4, '접근자원관리', '/', '/'); 
INSERT INTO COMTN_MENU_INFO ( MENU_NM, PROGRM_FILE_NM, MENU_NO, UPPER_MENU_NO, MENU_ORDR, MENU_DC, RELATE_IMAGE_PATH, RELATE_IMAGE_NM ) 
VALUES ('부서권한관리', 'DeptAuthorManage', 1050000, 1000000, 5, '부서권한관리', '/', '/'); 
INSERT INTO COMTN_MENU_INFO ( MENU_NM, PROGRM_FILE_NM, MENU_NO, UPPER_MENU_NO, MENU_ORDR, MENU_DC, RELATE_IMAGE_PATH, RELATE_IMAGE_NM ) 
VALUES ('사용자지원', 'dir', 2000000, 0, 2, '사용자지원', '/', '/'); 
INSERT INTO COMTN_MENU_INFO ( MENU_NM, PROGRM_FILE_NM, MENU_NO, UPPER_MENU_NO, MENU_ORDR, MENU_DC, RELATE_IMAGE_PATH, RELATE_IMAGE_NM ) 
VALUES ('메뉴관리', 'dir', 2010000, 2000000, 1, '메뉴관리', '/', '/'); 
INSERT INTO COMTN_MENU_INFO ( MENU_NM, PROGRM_FILE_NM, MENU_NO, UPPER_MENU_NO, MENU_ORDR, MENU_DC, RELATE_IMAGE_PATH, RELATE_IMAGE_NM ) 
VALUES ('메뉴목록관리', 'MenuManage', 2010100, 2010000, 2, '메뉴목록관리', '/', '/'); 
INSERT INTO COMTN_MENU_INFO ( MENU_NM, PROGRM_FILE_NM, MENU_NO, UPPER_MENU_NO, MENU_ORDR, MENU_DC, RELATE_IMAGE_PATH, RELATE_IMAGE_NM ) 
VALUES ('메뉴리스트', 'MenuTreeManage', 2010200, 2010000, 1, '메뉴리스트', '/', '/'); 
INSERT INTO COMTN_MENU_INFO ( MENU_NM, PROGRM_FILE_NM, MENU_NO, UPPER_MENU_NO, MENU_ORDR, MENU_DC, RELATE_IMAGE_PATH, RELATE_IMAGE_NM ) 
VALUES ('메뉴생성관리', 'MenuCreatManage', 2010300, 2010000, 3, '메뉴생성관리', '/', '/'); 
INSERT INTO COMTN_MENU_INFO ( MENU_NM, PROGRM_FILE_NM, MENU_NO, UPPER_MENU_NO, MENU_ORDR, MENU_DC, RELATE_IMAGE_PATH, RELATE_IMAGE_NM ) 
VALUES ('프로그램관리', 'dir', 2020000, 2000000, 2, '프로그램관리', '/', '/'); 
INSERT INTO COMTN_MENU_INFO ( MENU_NM, PROGRM_FILE_NM, MENU_NO, UPPER_MENU_NO, MENU_ORDR, MENU_DC, RELATE_IMAGE_PATH, RELATE_IMAGE_NM ) 
VALUES ('프로그램목록관리', 'ProgramManage', 2020100, 2020000, 1, '프로그램관리', '/', '/'); 
INSERT INTO COMTN_MENU_INFO ( MENU_NM, PROGRM_FILE_NM, MENU_NO, UPPER_MENU_NO, MENU_ORDR, MENU_DC, RELATE_IMAGE_PATH, RELATE_IMAGE_NM ) 
VALUES ('프로그램변경관리', 'ProgramChangeRequstProcess', 2020200, 2020000, 2, '프로그램변경관리', '/', '/'); 
INSERT INTO COMTN_MENU_INFO ( MENU_NM, PROGRM_FILE_NM, MENU_NO, UPPER_MENU_NO, MENU_ORDR, MENU_DC, RELATE_IMAGE_PATH, RELATE_IMAGE_NM ) 
VALUES ('프로그램변경요청', 'ProgramChangeRequst', 2020300, 2020000, 3, '프로그램변경요청', '/', '/'); 
INSERT INTO COMTN_MENU_INFO ( MENU_NM, PROGRM_FILE_NM, MENU_NO, UPPER_MENU_NO, MENU_ORDR, MENU_DC, RELATE_IMAGE_PATH, RELATE_IMAGE_NM ) 
VALUES ('프로그램변경이력', 'ProgramChgHst', 2020400, 2020000, 4, '프로그램변경이력', '/', '/'); 
INSERT INTO COMTN_MENU_INFO ( MENU_NM, PROGRM_FILE_NM, MENU_NO, UPPER_MENU_NO, MENU_ORDR, MENU_DC, RELATE_IMAGE_PATH, RELATE_IMAGE_NM ) 
VALUES ('사용자관리', 'dir', 2030000, 2000000, 3, '사용자관리', '/', '/'); 
INSERT INTO COMTN_MENU_INFO ( MENU_NM, PROGRM_FILE_NM, MENU_NO, UPPER_MENU_NO, MENU_ORDR, MENU_DC, RELATE_IMAGE_PATH, RELATE_IMAGE_NM ) 
VALUES ('업무사용자관리', 'UserManage', 2030100, 2030000, 1, '업무사용자관리', '/', '/'); 
INSERT INTO COMTN_MENU_INFO ( MENU_NM, PROGRM_FILE_NM, MENU_NO, UPPER_MENU_NO, MENU_ORDR, MENU_DC, RELATE_IMAGE_PATH, RELATE_IMAGE_NM ) 
VALUES ('일반회원관리', 'MberManage', 2030200, 2030000, 2, '일반회원관리', '/', '/'); 
INSERT INTO COMTN_MENU_INFO ( MENU_NM, PROGRM_FILE_NM, MENU_NO, UPPER_MENU_NO, MENU_ORDR, MENU_DC, RELATE_IMAGE_PATH, RELATE_IMAGE_NM ) 
VALUES ('기업회원관리', 'EntrprsMberManage', 2030300, 2030000, 3, '기업회원관리', '/', '/'); 
INSERT INTO COMTN_MENU_INFO ( MENU_NM, PROGRM_FILE_NM, MENU_NO, UPPER_MENU_NO, MENU_ORDR, MENU_DC, RELATE_IMAGE_PATH, RELATE_IMAGE_NM ) 
VALUES ('회의관리', 'MeetingManage', 2040000, 2000000, 4, '회의관리', '/', '/'); 
INSERT INTO COMTN_MENU_INFO ( MENU_NM, PROGRM_FILE_NM, MENU_NO, UPPER_MENU_NO, MENU_ORDR, MENU_DC, RELATE_IMAGE_PATH, RELATE_IMAGE_NM ) 
VALUES ('설문관리', 'dir', 2050000, 2000000, 5, '설문관리', NULL, NULL); 
INSERT INTO COMTN_MENU_INFO ( MENU_NM, PROGRM_FILE_NM, MENU_NO, UPPER_MENU_NO, MENU_ORDR, MENU_DC, RELATE_IMAGE_PATH, RELATE_IMAGE_NM ) 
VALUES ('설문템플릿관리', 'QustnrTmplatManage', 2050100, 2050000, 1, '설문템플릿조회', '/', '/'); 
INSERT INTO COMTN_MENU_INFO ( MENU_NM, PROGRM_FILE_NM, MENU_NO, UPPER_MENU_NO, MENU_ORDR, MENU_DC, RELATE_IMAGE_PATH, RELATE_IMAGE_NM ) 
VALUES ('설문지관리', 'QustnrManage', 2050200, 2050000, 2, '설문지관리', '/', '/'); 
INSERT INTO COMTN_MENU_INFO ( MENU_NM, PROGRM_FILE_NM, MENU_NO, UPPER_MENU_NO, MENU_ORDR, MENU_DC, RELATE_IMAGE_PATH, RELATE_IMAGE_NM ) 
VALUES ('설문문항관리', 'QustnrQestnManage', 2050300, 2050000, 3, '설문문항조회', '/', '/'); 
INSERT INTO COMTN_MENU_INFO ( MENU_NM, PROGRM_FILE_NM, MENU_NO, UPPER_MENU_NO, MENU_ORDR, MENU_DC, RELATE_IMAGE_PATH, RELATE_IMAGE_NM ) 
VALUES ('설문항목관리', 'QustnrItemManage', 2050400, 2050000, 4, '설문항목조회', '/', '/'); 
INSERT INTO COMTN_MENU_INFO ( MENU_NM, PROGRM_FILE_NM, MENU_NO, UPPER_MENU_NO, MENU_ORDR, MENU_DC, RELATE_IMAGE_PATH, RELATE_IMAGE_NM ) 
VALUES ('설문조사결과관리', 'QustnrRespondInfo', 2050500, 2050000, 5, '설문조사(응답결과)관리', '/', '/'); 
INSERT INTO COMTN_MENU_INFO ( MENU_NM, PROGRM_FILE_NM, MENU_NO, UPPER_MENU_NO, MENU_ORDR, MENU_DC, RELATE_IMAGE_PATH, RELATE_IMAGE_NM ) 
VALUES ('설문참여', 'QustnrRespondInfoManage', 2050600, 2050000, 6, '설문조사', '/', '/'); 
INSERT INTO COMTN_MENU_INFO ( MENU_NM, PROGRM_FILE_NM, MENU_NO, UPPER_MENU_NO, MENU_ORDR, MENU_DC, RELATE_IMAGE_PATH, RELATE_IMAGE_NM ) 
VALUES ('설문응답자정보관리', 'QustnrRespondManage', 2050700, 2050000, 7, '설문응답자정보조회', '/', '/'); 
INSERT INTO COMTN_MENU_INFO ( MENU_NM, PROGRM_FILE_NM, MENU_NO, UPPER_MENU_NO, MENU_ORDR, MENU_DC, RELATE_IMAGE_PATH, RELATE_IMAGE_NM ) 
VALUES ('약관관리', 'StplatManage', 2060000, 2000000, 6, '약관목록조회', '/', '/'); 
INSERT INTO COMTN_MENU_INFO ( MENU_NM, PROGRM_FILE_NM, MENU_NO, UPPER_MENU_NO, MENU_ORDR, MENU_DC, RELATE_IMAGE_PATH, RELATE_IMAGE_NM ) 
VALUES ('저작권보호정책관리', 'CpyrhtPrtcPolicyManage', 2070000, 2000000, 7, '저작권보호정책목록조회', '/', '/'); 
INSERT INTO COMTN_MENU_INFO ( MENU_NM, PROGRM_FILE_NM, MENU_NO, UPPER_MENU_NO, MENU_ORDR, MENU_DC, RELATE_IMAGE_PATH, RELATE_IMAGE_NM ) 
VALUES ('상담관리', 'dir', 2080000, 2000000, 8, '상담관리', '/', '/'); 
INSERT INTO COMTN_MENU_INFO ( MENU_NM, PROGRM_FILE_NM, MENU_NO, UPPER_MENU_NO, MENU_ORDR, MENU_DC, RELATE_IMAGE_PATH, RELATE_IMAGE_NM ) 
VALUES ('상담목록조회', 'CnsltManage', 2080100, 2080000, 1, '상담목록조회', '/', '/'); 
INSERT INTO COMTN_MENU_INFO ( MENU_NM, PROGRM_FILE_NM, MENU_NO, UPPER_MENU_NO, MENU_ORDR,MENU_DC, RELATE_IMAGE_PATH, RELATE_IMAGE_NM ) 
VALUES ('상담답변목록조회', 'CnsltAnswerManage', 2080200, 2080000, 2, '상담답변목록조회', '/', '/'); 
INSERT INTO COMTN_MENU_INFO ( MENU_NM, PROGRM_FILE_NM, MENU_NO, UPPER_MENU_NO, MENU_ORDR, MENU_DC, RELATE_IMAGE_PATH, RELATE_IMAGE_NM ) 
VALUES ('도움말관리', 'HpcmManage', 2090000, 2000000, 9, '도움말목록조회', '/', '/'); 
INSERT INTO COMTN_MENU_INFO ( MENU_NM, PROGRM_FILE_NM, MENU_NO, UPPER_MENU_NO, MENU_ORDR, MENU_DC, RELATE_IMAGE_PATH, RELATE_IMAGE_NM ) 
VALUES ('용어사전관리', 'WordDicaryManage', 2100000, 2000000, 10, '용어사전목록조회', '/', '/'); 
INSERT INTO COMTN_MENU_INFO ( MENU_NM, PROGRM_FILE_NM, MENU_NO, UPPER_MENU_NO, MENU_ORDR, MENU_DC, RELATE_IMAGE_PATH, RELATE_IMAGE_NM ) 
VALUES ('FAQ관리', 'FaqManage', 2110000, 2000000, 11, 'FAQ목록조회', '/', '/'); 
INSERT INTO COMTN_MENU_INFO ( MENU_NM, PROGRM_FILE_NM, MENU_NO, UPPER_MENU_NO, MENU_ORDR, MENU_DC, RELATE_IMAGE_PATH, RELATE_IMAGE_NM ) 
VALUES ('QnA관리', 'dir', 2120000, 2000000, 12, 'QnA관리', '/', '/'); 
INSERT INTO COMTN_MENU_INFO ( MENU_NM, PROGRM_FILE_NM, MENU_NO, UPPER_MENU_NO, MENU_ORDR, MENU_DC, RELATE_IMAGE_PATH, RELATE_IMAGE_NM ) 
VALUES ('QnA목록조회', 'QnaManage', 2120100, 2120000, 1, 'QnA목록조회', NULL, NULL); 
INSERT INTO COMTN_MENU_INFO ( MENU_NM, PROGRM_FILE_NM, MENU_NO, UPPER_MENU_NO, MENU_ORDR, MENU_DC, RELATE_IMAGE_PATH, RELATE_IMAGE_NM ) 
VALUES ('QnA답변목록조회', 'QnaAnswerManage', 2120200, 2120000, 2, 'QnA답변목록조회', '/', '/'); 
INSERT INTO COMTN_MENU_INFO ( MENU_NM, PROGRM_FILE_NM, MENU_NO, UPPER_MENU_NO, MENU_ORDR, MENU_DC, RELATE_IMAGE_PATH, RELATE_IMAGE_NM ) 
VALUES ('회의실예약', 'MtgPlaceResveManage', 2130000, 2000000, 4, '회이실 예약 관리', NULL, NULL); 
INSERT INTO COMTN_MENU_INFO ( MENU_NM, PROGRM_FILE_NM, MENU_NO, UPPER_MENU_NO, MENU_ORDR, MENU_DC, RELATE_IMAGE_PATH, RELATE_IMAGE_NM ) 
VALUES ('뉴스관리', 'NewsInfoManage', 2200000, 2000000, 13, '뉴스목록조회', '/', '/'); 
INSERT INTO COMTN_MENU_INFO ( MENU_NM, PROGRM_FILE_NM, MENU_NO, UPPER_MENU_NO, MENU_ORDR, MENU_DC, RELATE_IMAGE_PATH, RELATE_IMAGE_NM ) 
VALUES ('사이트관리', 'dir', 2210000, 2000000, 14, '사이트관리', '/', '/'); 
INSERT INTO COMTN_MENU_INFO ( MENU_NM, PROGRM_FILE_NM, MENU_NO, UPPER_MENU_NO, MENU_ORDR, MENU_DC, RELATE_IMAGE_PATH, RELATE_IMAGE_NM ) 
VALUES ('사이트목록조회', 'SiteManage', 2210100, 2210000, 1, '사이트목록조회', '/', '/'); 
INSERT INTO COMTN_MENU_INFO ( MENU_NM, PROGRM_FILE_NM, MENU_NO, UPPER_MENU_NO, MENU_ORDR, MENU_DC, RELATE_IMAGE_PATH, RELATE_IMAGE_NM ) 
VALUES ('사이트맵', 'SiteMap', 2210200, 2210000, 2, '사이트맵', '/', '/'); 
INSERT INTO COMTN_MENU_INFO ( MENU_NM, PROGRM_FILE_NM, MENU_NO, UPPER_MENU_NO, MENU_ORDR, MENU_DC, RELATE_IMAGE_PATH, RELATE_IMAGE_NM ) 
VALUES ('추천사이트관리', 'RecomendSiteManage', 2220000, 2000000, 15, '추천사이트목록조회', '/', '/'); 
INSERT INTO COMTN_MENU_INFO ( MENU_NM, PROGRM_FILE_NM, MENU_NO, UPPER_MENU_NO, MENU_ORDR, MENU_DC, RELATE_IMAGE_PATH, RELATE_IMAGE_NM ) 
VALUES ('시스템관리', 'dir', 4000000, 0, 4, '시스템관리', '/', '/'); 
INSERT INTO COMTN_MENU_INFO ( MENU_NM, PROGRM_FILE_NM, MENU_NO, UPPER_MENU_NO, MENU_ORDR, MENU_DC, RELATE_IMAGE_PATH, RELATE_IMAGE_NM ) 
VALUES ('로그조회', 'dir', 4010000, 4000000, 2, NULL, '/', '/'); 
INSERT INTO COMTN_MENU_INFO ( MENU_NM, PROGRM_FILE_NM, MENU_NO, UPPER_MENU_NO, MENU_ORDR, MENU_DC, RELATE_IMAGE_PATH, RELATE_IMAGE_NM ) 
VALUES ('시스템로그조회', 'SysLogList', 4010100, 4010000, 1, '시스템로그조회', '/', '/'); 
INSERT INTO COMTN_MENU_INFO ( MENU_NM, PROGRM_FILE_NM, MENU_NO, UPPER_MENU_NO, MENU_ORDR, MENU_DC, RELATE_IMAGE_PATH, RELATE_IMAGE_NM ) 
VALUES ('송수신로그조회', 'TrsmrcvLogList', 4010200, 4010000, 2, '송수신로그조회', '/', '/'); 
INSERT INTO COMTN_MENU_INFO ( MENU_NM, PROGRM_FILE_NM, MENU_NO, UPPER_MENU_NO, MENU_ORDR, MENU_DC, RELATE_IMAGE_PATH, RELATE_IMAGE_NM ) 
VALUES ('로그인로그조회', 'LoginLogList', 4010300, 4010000, 3, '로그인로그조회', '/', '/'); 
INSERT INTO COMTN_MENU_INFO ( MENU_NM, PROGRM_FILE_NM, MENU_NO, UPPER_MENU_NO, MENU_ORDR, MENU_DC, RELATE_IMAGE_PATH, RELATE_IMAGE_NM ) 
VALUES ('웹로그조회', 'WebLogList', 4010400, 4010000, 4, '웹로그조회', '/', '/'); 
INSERT INTO COMTN_MENU_INFO ( MENU_NM, PROGRM_FILE_NM, MENU_NO, UPPER_MENU_NO, MENU_ORDR, MENU_DC, RELATE_IMAGE_PATH, RELATE_IMAGE_NM ) 
VALUES ('사용자로그조회', 'UserLogList', 4010500, 4010000, 5, '사용자로그조회', '/', '/'); 
INSERT INTO COMTN_MENU_INFO ( MENU_NM, PROGRM_FILE_NM, MENU_NO, UPPER_MENU_NO, MENU_ORDR, MENU_DC, RELATE_IMAGE_PATH, RELATE_IMAGE_NM ) 
VALUES ('시스템이력관리', 'dir', 4020000, 4000000, 1, NULL, '/', '/'); 
INSERT INTO COMTN_MENU_INFO ( MENU_NM, PROGRM_FILE_NM, MENU_NO, UPPER_MENU_NO, MENU_ORDR, MENU_DC, RELATE_IMAGE_PATH, RELATE_IMAGE_NM ) 
VALUES ('시스템이력조회', 'SysHistList', 4020100, 4020000, 1, '이력등록,조회,상세조회', '/', '/'); 
INSERT INTO COMTN_MENU_INFO ( MENU_NM, PROGRM_FILE_NM, MENU_NO, UPPER_MENU_NO, MENU_ORDR, MENU_DC, RELATE_IMAGE_PATH, RELATE_IMAGE_NM ) 
VALUES ('코드목록', 'dir', 4030000, 4000000, 3, '공통코드목록', '/', '/'); 
INSERT INTO COMTN_MENU_INFO ( MENU_NM, PROGRM_FILE_NM, MENU_NO, UPPER_MENU_NO, MENU_ORDR, MENU_DC, RELATE_IMAGE_PATH, RELATE_IMAGE_NM ) 
VALUES ('공통분류코드관리', 'CmmnClCodeManage', 4030100, 4030000, 1, '공통분류코드관리', '/', '/'); 
INSERT INTO COMTN_MENU_INFO ( MENU_NM, PROGRM_FILE_NM, MENU_NO, UPPER_MENU_NO, MENU_ORDR, MENU_DC, RELATE_IMAGE_PATH, RELATE_IMAGE_NM ) 
VALUES ('공통코드관리', 'CmmnCodeManage', 4030200, 4030000, 2, '공통코드관리', '/', '/'); 
INSERT INTO COMTN_MENU_INFO ( MENU_NM, PROGRM_FILE_NM, MENU_NO, UPPER_MENU_NO, MENU_ORDR, MENU_DC, RELATE_IMAGE_PATH, RELATE_IMAGE_NM ) 
VALUES ('공통상세코드관리', 'CmmnDetailCodeManage', 4030300, 4030000, 3, '공통상세코드관리', '/', '/'); 
INSERT INTO COMTN_MENU_INFO ( MENU_NM, PROGRM_FILE_NM, MENU_NO, UPPER_MENU_NO, MENU_ORDR, MENU_DC, RELATE_IMAGE_PATH, RELATE_IMAGE_NM ) 
VALUES ('우편번호관리', 'ZipManage', 4030400, 4030000, 4, '우편번호관리', '/', '/'); 
INSERT INTO COMTN_MENU_INFO ( MENU_NM, PROGRM_FILE_NM, MENU_NO, UPPER_MENU_NO, MENU_ORDR, MENU_DC, RELATE_IMAGE_PATH, RELATE_IMAGE_NM ) 
VALUES ('행정코드관리', 'AdministCodeManage', 4030500, 4030000, 5, '행정코드관리', '/', '/'); 
INSERT INTO COMTN_MENU_INFO ( MENU_NM, PROGRM_FILE_NM, MENU_NO, UPPER_MENU_NO, MENU_ORDR, MENU_DC, RELATE_IMAGE_PATH, RELATE_IMAGE_NM ) 
VALUES ('달력', 'dir', 4080000, 4000000, 4, NULL, '/', '/'); 
INSERT INTO COMTN_MENU_INFO ( MENU_NM, PROGRM_FILE_NM, MENU_NO, UPPER_MENU_NO, MENU_ORDR, MENU_DC, RELATE_IMAGE_PATH, RELATE_IMAGE_NM ) 
VALUES ('휴일목록', 'RestdeManage', 4080100, 4080000, 1, '휴일목록', '/', '/'); 
INSERT INTO COMTN_MENU_INFO ( MENU_NM, PROGRM_FILE_NM, MENU_NO, UPPER_MENU_NO, MENU_ORDR, MENU_DC, RELATE_IMAGE_PATH, RELATE_IMAGE_NM ) 
VALUES ('협업', 'dir', 5000000, 0, 5, '협업', '/', '/'); 
INSERT INTO COMTN_MENU_INFO ( MENU_NM, PROGRM_FILE_NM, MENU_NO, UPPER_MENU_NO, MENU_ORDR, MENU_DC, RELATE_IMAGE_PATH, RELATE_IMAGE_NM ) 
VALUES ('게시판', 'dir', 5010000, 5000000, 1, NULL, '/', '/'); 
INSERT INTO COMTN_MENU_INFO ( MENU_NM, PROGRM_FILE_NM, MENU_NO, UPPER_MENU_NO, MENU_ORDR, MENU_DC, RELATE_IMAGE_PATH, RELATE_IMAGE_NM ) 
VALUES ('게시판목록조회', 'BoardMstrManage', 5010100, 5010000, 1, '게시판목록조회', '/', '/'); 
INSERT INTO COMTN_MENU_INFO ( MENU_NM, PROGRM_FILE_NM, MENU_NO, UPPER_MENU_NO, MENU_ORDR, MENU_DC, RELATE_IMAGE_PATH, RELATE_IMAGE_NM ) 
VALUES ('게시판사용조회', 'BoardUseInfManage', 5010200, 5010000, 2, '게시판 사용정보 조회', '/', '/'); 
INSERT INTO COMTN_MENU_INFO ( MENU_NM, PROGRM_FILE_NM, MENU_NO, UPPER_MENU_NO, MENU_ORDR, MENU_DC, RELATE_IMAGE_PATH, RELATE_IMAGE_NM ) 
VALUES ('커뮤니티/동호회', 'dir', 5020000, 5000000, 2, NULL, '/', '/'); 
INSERT INTO COMTN_MENU_INFO ( MENU_NM, PROGRM_FILE_NM, MENU_NO, UPPER_MENU_NO, MENU_ORDR, MENU_DC, RELATE_IMAGE_PATH, RELATE_IMAGE_NM ) 
VALUES ('커뮤니티목록조회', 'CmmntyManage', 5020100, 5020000, 1, '커뮤니티목록조회', '/', '/'); 
INSERT INTO COMTN_MENU_INFO ( MENU_NM, PROGRM_FILE_NM, MENU_NO, UPPER_MENU_NO, MENU_ORDR, MENU_DC, RELATE_IMAGE_PATH, RELATE_IMAGE_NM ) 
VALUES ('동호회목록조회', 'ClubManage', 5020200, 5020000, 2, '동호회목록조회', '/', '/'); 
INSERT INTO COMTN_MENU_INFO ( MENU_NM, PROGRM_FILE_NM, MENU_NO, UPPER_MENU_NO, MENU_ORDR, MENU_DC, RELATE_IMAGE_PATH, RELATE_IMAGE_NM ) 
VALUES ('공통관리', 'dir', 5030000, 5000000, 3, NULL, '/', '/'); 
INSERT INTO COMTN_MENU_INFO ( MENU_NM, PROGRM_FILE_NM, MENU_NO, UPPER_MENU_NO, MENU_ORDR, MENU_DC, RELATE_IMAGE_PATH, RELATE_IMAGE_NM ) 
VALUES ('템플릿 목록조회', 'TemplateManage', 5030100, 5030000, 1, '템플릿 목록조회', '/', '/'); 
INSERT INTO COMTN_MENU_INFO ( MENU_NM, PROGRM_FILE_NM, MENU_NO, UPPER_MENU_NO, MENU_ORDR, MENU_DC, RELATE_IMAGE_PATH, RELATE_IMAGE_NM ) 
VALUES ('승인정보조회', 'ConfirmManage', 5030200, 5030000, 2, '승인정보조회', '/', '/'); 
INSERT INTO COMTN_MENU_INFO ( MENU_NM, PROGRM_FILE_NM, MENU_NO, UPPER_MENU_NO, MENU_ORDR, MENU_DC, RELATE_IMAGE_PATH, RELATE_IMAGE_NM ) 
VALUES ('명함관리', 'dir', 5040000, 5000000, 4, NULL, '/', '/'); 
INSERT INTO COMTN_MENU_INFO ( MENU_NM, PROGRM_FILE_NM, MENU_NO, UPPER_MENU_NO, MENU_ORDR, MENU_DC, RELATE_IMAGE_PATH, RELATE_IMAGE_NM ) 
VALUES ('명함목록조회', 'NcrdManage', 5040100, 5040000, 1, '명함목록조회', '/', '/'); 
INSERT INTO COMTN_MENU_INFO ( MENU_NM, PROGRM_FILE_NM, MENU_NO, UPPER_MENU_NO, MENU_ORDR, MENU_DC, RELATE_IMAGE_PATH, RELATE_IMAGE_NM ) 
VALUES ('내 명함목록', 'MyNcrdManage', 5040300, 5040000, 3, NULL, '/', '/'); 
INSERT INTO COMTN_MENU_INFO ( MENU_NM, PROGRM_FILE_NM, MENU_NO, UPPER_MENU_NO, MENU_ORDR, MENU_DC, RELATE_IMAGE_PATH, RELATE_IMAGE_NM ) 
VALUES ('행사/이벤트/캠페인', 'dir', 5050000, 5000000, 5, NULL, NULL, NULL); 
INSERT INTO COMTN_MENU_INFO ( MENU_NM, PROGRM_FILE_NM, MENU_NO, UPPER_MENU_NO, MENU_ORDR, MENU_DC, RELATE_IMAGE_PATH, RELATE_IMAGE_NM ) 
VALUES ('행사/이벤트/캠페인 조회', 'EventCmpgnManage', 5050100, 5050000, 1, '행사/이벤트/캠페인 조회', '/', '/'); 
INSERT INTO COMTN_MENU_INFO ( MENU_NM, PROGRM_FILE_NM, MENU_NO, UPPER_MENU_NO, MENU_ORDR, MENU_DC, RELATE_IMAGE_PATH, RELATE_IMAGE_NM ) 
VALUES ('외부인사정보 조회', 'TnextrlHrInfoManage', 5050200, 5050000, 2, '외부인사정보조회', '/', '/'); 
INSERT INTO COMTN_MENU_INFO ( MENU_NM, PROGRM_FILE_NM, MENU_NO, UPPER_MENU_NO, MENU_ORDR, MENU_DC, RELATE_IMAGE_PATH, RELATE_IMAGE_NM ) 
VALUES ('게시판 예시', 'dir', 5060000, 5000000, 6, '구현된 자료실 예제', '/', '/'); 
INSERT INTO COMTN_MENU_INFO ( MENU_NM, PROGRM_FILE_NM, MENU_NO, UPPER_MENU_NO, MENU_ORDR, MENU_DC, RELATE_IMAGE_PATH, RELATE_IMAGE_NM ) 
VALUES ('사진첩', 'BoardExamplePicture', 5060100, 5060000, 1, '사진첩 예시', '/', '/'); 
INSERT INTO COMTN_MENU_INFO ( MENU_NM, PROGRM_FILE_NM, MENU_NO, UPPER_MENU_NO, MENU_ORDR, MENU_DC, RELATE_IMAGE_PATH, RELATE_IMAGE_NM ) 
VALUES ('방명록', 'BoardExampleGuest', 5060200, 5060000, 2, '방명록 예시', '/', '/'); 
INSERT INTO COMTN_MENU_INFO ( MENU_NM, PROGRM_FILE_NM, MENU_NO, UPPER_MENU_NO, MENU_ORDR, MENU_DC, RELATE_IMAGE_PATH, RELATE_IMAGE_NM ) 
VALUES ('유효게시판', 'BoardExampleValidity', 5060300, 5060000, 3, '유효게시판 예시', '/', '/'); 
INSERT INTO COMTN_MENU_INFO ( MENU_NM, PROGRM_FILE_NM, MENU_NO, UPPER_MENU_NO, MENU_ORDR, MENU_DC, RELATE_IMAGE_PATH, RELATE_IMAGE_NM ) 
VALUES ('익명게시판', 'BoardExampleAnonymous', 5060400, 5060000, 4, '익명게시판 예시', '/', '/'); 
INSERT INTO COMTN_MENU_INFO ( MENU_NM, PROGRM_FILE_NM, MENU_NO, UPPER_MENU_NO, MENU_ORDR, MENU_DC, RELATE_IMAGE_PATH, RELATE_IMAGE_NM ) 
VALUES ('자료실', 'BoardExampleData', 5060500, 5060000, 5, '자료실 예시', '/', '/'); 
INSERT INTO COMTN_MENU_INFO ( MENU_NM, PROGRM_FILE_NM, MENU_NO, UPPER_MENU_NO, MENU_ORDR, MENU_DC, RELATE_IMAGE_PATH, RELATE_IMAGE_NM ) 
VALUES ('일정관리', 'dir', 5080000, 5000000, 8, '일정관리', '/', '/'); 
INSERT INTO COMTN_MENU_INFO ( MENU_NM, PROGRM_FILE_NM, MENU_NO, UPPER_MENU_NO, MENU_ORDR, MENU_DC, RELATE_IMAGE_PATH, RELATE_IMAGE_NM ) 
VALUES ('일정관리', 'SchdulManage', 5080300, 5080000, 3, '일정관리', '/', '/'); 
INSERT INTO COMTN_MENU_INFO ( MENU_NM, PROGRM_FILE_NM, MENU_NO, UPPER_MENU_NO, MENU_ORDR, MENU_DC, RELATE_IMAGE_PATH, RELATE_IMAGE_NM ) 
VALUES ('통계/리포팅', 'dir', 6000000, 0, 6, '통계/리포팅', '/', '/'); 
INSERT INTO COMTN_MENU_INFO ( MENU_NM, PROGRM_FILE_NM, MENU_NO, UPPER_MENU_NO, MENU_ORDR, MENU_DC, RELATE_IMAGE_PATH, RELATE_IMAGE_NM ) 
VALUES ('게시물통계', 'BbsStats', 6010000, 6000000, 1, '게시물통계', '/', '/'); 
INSERT INTO COMTN_MENU_INFO ( MENU_NM, PROGRM_FILE_NM, MENU_NO, UPPER_MENU_NO, MENU_ORDR, MENU_DC, RELATE_IMAGE_PATH, RELATE_IMAGE_NM ) 
VALUES ('사용자통계', 'UserStats', 6020000, 6000000, 2, '사용자통계', '/', '/'); 
INSERT INTO COMTN_MENU_INFO ( MENU_NM, PROGRM_FILE_NM, MENU_NO, UPPER_MENU_NO, MENU_ORDR, MENU_DC, RELATE_IMAGE_PATH, RELATE_IMAGE_NM ) 
VALUES ('화면통계', 'ScrinStats', 6030000, 6000000, 3, '화면통계', '/', '/'); 
INSERT INTO COMTN_MENU_INFO ( MENU_NM, PROGRM_FILE_NM, MENU_NO, UPPER_MENU_NO, MENU_ORDR, MENU_DC, RELATE_IMAGE_PATH, RELATE_IMAGE_NM ) 
VALUES ('접속통계', 'ConectStats', 6040000, 6000000, 4, '접속통계', '/', '/'); 
INSERT INTO COMTN_MENU_INFO ( MENU_NM, PROGRM_FILE_NM, MENU_NO, UPPER_MENU_NO, MENU_ORDR, MENU_DC, RELATE_IMAGE_PATH, RELATE_IMAGE_NM ) 
VALUES ('전자우편연계', 'dir', 7000000, 0, 7, '전자우편연계', '/', '/'); 
INSERT INTO COMTN_MENU_INFO ( MENU_NM, PROGRM_FILE_NM, MENU_NO, UPPER_MENU_NO, MENU_ORDR, MENU_DC, RELATE_IMAGE_PATH, RELATE_IMAGE_NM ) 
VALUES ('발송메일내역', 'MailManage', 7010000, 7000000, 1, '발송메일내역', '/', '/'); 
INSERT INTO COMTN_MENU_INFO ( MENU_NM, PROGRM_FILE_NM, MENU_NO, UPPER_MENU_NO, MENU_ORDR, MENU_DC, RELATE_IMAGE_PATH, RELATE_IMAGE_NM ) 
VALUES ('발송메일등록', 'MailRegist', 7020000, 7000000, 2, '발송메일등록', '/', '/'); 

-- 기본템플릿
INSERT INTO COMTN_TMPLAT_INFO(TMPLAT_ID, TMPLAT_NM, TMPLAT_SE_CODE, TMPLAT_COURS, USE_AT, FRST_REGISTER_ID, FRST_REGIST_PNTTM ) 
VALUES('TMPLAT_BOARD_DEFAULT', '게시판 기본템플릿', 'TMPT01', '/css/aramframework/com/cop/tpl/bbsTemplate.css', 'Y', 'SYSTEM', sysdate());
INSERT INTO COMTN_TMPLAT_INFO(TMPLAT_ID, TMPLAT_NM, TMPLAT_SE_CODE, TMPLAT_COURS, USE_AT, FRST_REGISTER_ID, FRST_REGIST_PNTTM ) 
VALUES('TMPLAT_CMNTY_DEFAULT', '커뮤니티 기본템플릿', 'TMPT02', 'aramframework/com/cop/tpl/templet/CmmntyBaseTmpl', 'Y', 'SYSTEM', sysdate());
INSERT INTO COMTN_TMPLAT_INFO(TMPLAT_ID, TMPLAT_NM, TMPLAT_SE_CODE, TMPLAT_COURS, USE_AT, FRST_REGISTER_ID, FRST_REGIST_PNTTM ) 
VALUES('TMPLAT_CLUB__DEFAULT', '동호회 기본템플릿', 'TMPT03', 'aramframework/com/cop/tpl/templet/ClbBaseTmpl', 'Y', 'SYSTEM', sysdate());

-- 우편번호
INSERT INTO COMTC_ZIP(ZIP, SN, CTPRVN_NM, SIGNGU_NM, EMD_NM, LI_BULD_NM, LNBR_DONG_HO, FRST_REGIST_PNTTM, FRST_REGISTER_ID, LAST_UPDT_PNTTM, LAST_UPDUSR_ID) 
VALUES ('135806', 1, '서울', '강남구', '개포1동', '경남아파트', '', sysdate(), 'SYSTEM', sysdate(), 'SYSTEM');

-- 게시판마스터
INSERT INTO COMTN_BBS_MASTER(BBS_ID, BBS_NM, BBS_INTRCN, BBS_TY_CODE, BBS_ATTRB_CODE, REPLY_POSBL_AT, FILE_ATCH_POSBL_AT, ATCH_POSBL_FILE_NUMBER, ATCH_POSBL_FILE_SIZE, USE_AT, TMPLAT_ID, FRST_REGISTER_ID, FRST_REGIST_PNTTM, LAST_UPDUSR_ID, LAST_UPDT_PNTTM ) 
VALUES ('BBSMSTR_AAAAAAAAAAAA', '공지사항', '공지사항게시판', 'BBST03', 'BBSA03', 'Y', 'Y', 2, 5242880, 'Y', 'TMPLAT_BOARD_DEFAULT', 'SYSTEM',  sysdate(),  NULL, NULL); 
INSERT INTO COMTN_BBS_MASTER ( BBS_ID, BBS_NM, BBS_INTRCN, BBS_TY_CODE, BBS_ATTRB_CODE, REPLY_POSBL_AT, FILE_ATCH_POSBL_AT, ATCH_POSBL_FILE_NUMBER, ATCH_POSBL_FILE_SIZE, USE_AT, TMPLAT_ID, FRST_REGISTER_ID, FRST_REGIST_PNTTM, LAST_UPDUSR_ID, LAST_UPDT_PNTTM ) 
VALUES ('BBSMSTR_BBBBBBBBBBBB', '갤러리', '갤러리게시판', 'BBST01', 'BBSA02', 'Y', 'Y', 2, 5242880, 'Y', 'TMPLAT_BOARD_DEFAULT', 'SYSTEM',  sysdate(),  NULL, NULL); 
INSERT INTO COMTN_BBS_MASTER ( BBS_ID, BBS_NM, BBS_INTRCN, BBS_TY_CODE, BBS_ATTRB_CODE, REPLY_POSBL_AT, FILE_ATCH_POSBL_AT, ATCH_POSBL_FILE_NUMBER, ATCH_POSBL_FILE_SIZE, USE_AT, TMPLAT_ID, FRST_REGISTER_ID, FRST_REGIST_PNTTM, LAST_UPDUSR_ID, LAST_UPDT_PNTTM ) 
VALUES ('BBSMSTR_CCCCCCCCCCCC', '자료실', '자료실게시판', 'BBST01', 'BBSA03', 'Y', 'Y', 2, 5242880, 'Y', 'TMPLAT_BOARD_DEFAULT', 'SYSTEM',  sysdate(),  NULL, NULL); 

INSERT INTO COMTN_BBS_MASTER ( BBS_ID, BBS_NM, BBS_INTRCN, BBS_TY_CODE, BBS_ATTRB_CODE, REPLY_POSBL_AT, FILE_ATCH_POSBL_AT, ATCH_POSBL_FILE_NUMBER, ATCH_POSBL_FILE_SIZE, USE_AT, TMPLAT_ID, FRST_REGISTER_ID, FRST_REGIST_PNTTM, LAST_UPDUSR_ID, LAST_UPDT_PNTTM ) 
VALUES ('BBSMSTR_000000000001', '공지사항', '공지사항을 보여줍니다.', 'BBST03', 'BBSA01', 'N', 'Y', 3, NULL, 'Y', 'TMPLAT_BOARD_DEFAULT', 'SYSTEM',  sysdate(),  NULL, NULL); 
INSERT INTO COMTN_BBS_MASTER ( BBS_ID, BBS_NM, BBS_INTRCN, BBS_TY_CODE, BBS_ATTRB_CODE, REPLY_POSBL_AT, FILE_ATCH_POSBL_AT, ATCH_POSBL_FILE_NUMBER, ATCH_POSBL_FILE_SIZE, USE_AT, TMPLAT_ID, FRST_REGISTER_ID, FRST_REGIST_PNTTM, LAST_UPDUSR_ID, LAST_UPDT_PNTTM ) 
VALUES ('BBSMSTR_000000000011', '일반게시판', '일반게시판', 'BBST01', 'BBSA03', 'Y', 'Y', 3, NULL, 'Y', 'TMPLAT_BOARD_DEFAULT', 'SYSTEM',  sysdate(),  NULL, NULL); 
INSERT INTO COMTN_BBS_MASTER ( BBS_ID, BBS_NM, BBS_INTRCN, BBS_TY_CODE, BBS_ATTRB_CODE, REPLY_POSBL_AT, FILE_ATCH_POSBL_AT, ATCH_POSBL_FILE_NUMBER, ATCH_POSBL_FILE_SIZE, USE_AT, TMPLAT_ID, FRST_REGISTER_ID, FRST_REGIST_PNTTM, LAST_UPDUSR_ID, LAST_UPDT_PNTTM ) 
VALUES ('BBSMSTR_000000000021', '유효게시판', '유효게시판', 'BBST01', 'BBSA01', 'Y', 'Y', 1, NULL, 'Y', 'TMPLAT_BOARD_DEFAULT', 'SYSTEM',  sysdate(), NULL, NULL); 
INSERT INTO COMTN_BBS_MASTER ( BBS_ID, BBS_NM, BBS_INTRCN, BBS_TY_CODE, BBS_ATTRB_CODE, REPLY_POSBL_AT, FILE_ATCH_POSBL_AT, ATCH_POSBL_FILE_NUMBER, ATCH_POSBL_FILE_SIZE, USE_AT, TMPLAT_ID, FRST_REGISTER_ID, FRST_REGIST_PNTTM, LAST_UPDUSR_ID, LAST_UPDT_PNTTM ) 
VALUES ('BBSMSTR_000000000031', '익명게시판-만족도', '익명게시판 만족도 추가', 'BBST02', 'BBSA03', 'Y', 'Y', 3, NULL, 'Y', 'TMPLAT_BOARD_DEFAULT', 'SYSTEM',  sysdate(), NULL, NULL); 
INSERT INTO COMTN_BBS_MASTER ( BBS_ID, BBS_NM, BBS_INTRCN, BBS_TY_CODE, BBS_ATTRB_CODE, REPLY_POSBL_AT, FILE_ATCH_POSBL_AT, ATCH_POSBL_FILE_NUMBER, ATCH_POSBL_FILE_SIZE, USE_AT, TMPLAT_ID, FRST_REGISTER_ID, FRST_REGIST_PNTTM, LAST_UPDUSR_ID, LAST_UPDT_PNTTM ) 
VALUES ('BBSMSTR_000000000041', '프로그램팁', '프로그램관련 유용한 자료글', 'BBST01', 'BBSA03', 'Y', 'Y', 3, NULL, 'Y', 'TMPLAT_BOARD_DEFAULT', 'SYSTEM',  sysdate(), NULL, NULL); 
INSERT INTO COMTN_BBS_MASTER ( BBS_ID, BBS_NM, BBS_INTRCN, BBS_TY_CODE, BBS_ATTRB_CODE, REPLY_POSBL_AT, FILE_ATCH_POSBL_AT, ATCH_POSBL_FILE_NUMBER, ATCH_POSBL_FILE_SIZE, USE_AT, TMPLAT_ID, FRST_REGISTER_ID, FRST_REGIST_PNTTM, LAST_UPDUSR_ID, LAST_UPDT_PNTTM ) 
VALUES ('BBSMSTR_000000000051', '버그리포트', '프로그램 버그 관련사항 모음집입니다.', 'BBST02', 'BBSA03', 'Y', 'Y', 3, NULL, 'Y', 'TMPLAT_BOARD_DEFAULT', 'SYSTEM',  sysdate(), NULL, NULL); 

INSERT INTO COMTN_BBS_MASTER ( BBS_ID, BBS_NM, BBS_INTRCN, BBS_TY_CODE, BBS_ATTRB_CODE, REPLY_POSBL_AT, FILE_ATCH_POSBL_AT, ATCH_POSBL_FILE_NUMBER, ATCH_POSBL_FILE_SIZE, USE_AT, TMPLAT_ID, FRST_REGISTER_ID, FRST_REGIST_PNTTM, LAST_UPDUSR_ID, LAST_UPDT_PNTTM ) 
VALUES ('BBSMSTR_000000000101', '방명록', '오픈소스연구회 - 방명록', 'BBST04', 'BBSA03', 'N', 'N', 0, NULL, 'Y', NULL, 'SYSTEM',  sysdate(), NULL, NULL); 
INSERT INTO COMTN_BBS_MASTER ( BBS_ID, BBS_NM, BBS_INTRCN, BBS_TY_CODE, BBS_ATTRB_CODE, REPLY_POSBL_AT, FILE_ATCH_POSBL_AT, ATCH_POSBL_FILE_NUMBER, ATCH_POSBL_FILE_SIZE, USE_AT, TMPLAT_ID, FRST_REGISTER_ID, FRST_REGIST_PNTTM, LAST_UPDUSR_ID, LAST_UPDT_PNTTM ) 
VALUES ('BBSMSTR_000000000102', '공지게시판', '오픈소스연구회 - 공지게시판', 'BBST03', 'BBSA01', 'N', 'Y', 3, 5000000, 'Y', 'TMPLAT_BOARD_DEFAULT', 'SYSTEM',  sysdate(), NULL, NULL); 
INSERT INTO COMTN_BBS_MASTER ( BBS_ID, BBS_NM, BBS_INTRCN, BBS_TY_CODE, BBS_ATTRB_CODE, REPLY_POSBL_AT, FILE_ATCH_POSBL_AT, ATCH_POSBL_FILE_NUMBER, ATCH_POSBL_FILE_SIZE, USE_AT, TMPLAT_ID, FRST_REGISTER_ID, FRST_REGIST_PNTTM, LAST_UPDUSR_ID, LAST_UPDT_PNTTM ) 
VALUES ('BBSMSTR_000000000103', '갤러리', '오픈소스연구회 - 갤러리', 'BBST01', 'BBSA02', 'N', 'Y', 1, NULL, 'Y', 'TMPLAT_BOARD_DEFAULT', 'SYSTEM',  sysdate(), NULL, NULL); 
INSERT INTO COMTN_BBS_MASTER ( BBS_ID, BBS_NM, BBS_INTRCN, BBS_TY_CODE, BBS_ATTRB_CODE, REPLY_POSBL_AT, FILE_ATCH_POSBL_AT, ATCH_POSBL_FILE_NUMBER, ATCH_POSBL_FILE_SIZE, USE_AT, TMPLAT_ID, FRST_REGISTER_ID, FRST_REGIST_PNTTM, LAST_UPDUSR_ID, LAST_UPDT_PNTTM ) 
VALUES ('BBSMSTR_000000000104', '자유게시판', '오픈소스연구회 - 자유게시판', 'BBST01', 'BBSA03', 'Y', 'Y', 1, 10000000, 'Y', 'TMPLAT_BOARD_DEFAULT', 'SYSTEM',  sysdate(), NULL, NULL); 
INSERT INTO COMTN_BBS_MASTER ( BBS_ID, BBS_NM, BBS_INTRCN, BBS_TY_CODE, BBS_ATTRB_CODE, REPLY_POSBL_AT, FILE_ATCH_POSBL_AT, ATCH_POSBL_FILE_NUMBER, ATCH_POSBL_FILE_SIZE, USE_AT, TMPLAT_ID,FRST_REGISTER_ID, FRST_REGIST_PNTTM, LAST_UPDUSR_ID, LAST_UPDT_PNTTM ) 
VALUES ('BBSMSTR_000000000105', '자료실', '오픈소스연구회 - 자료실', 'BBST01', 'BBSA03', 'N', 'Y', 1, 10000000, 'Y', 'TMPLAT_BOARD_DEFAULT', 'SYSTEM',  sysdate(), NULL, NULL); 
INSERT INTO COMTN_BBS_MASTER ( BBS_ID, BBS_NM, BBS_INTRCN, BBS_TY_CODE, BBS_ATTRB_CODE, REPLY_POSBL_AT, FILE_ATCH_POSBL_AT, ATCH_POSBL_FILE_NUMBER, ATCH_POSBL_FILE_SIZE, USE_AT, TMPLAT_ID, FRST_REGISTER_ID, FRST_REGIST_PNTTM, LAST_UPDUSR_ID, LAST_UPDT_PNTTM ) 
VALUES ('BBSMSTR_000000000106', '익명게시판', '누구나 글을 쓸 수 있는 익명게시판입니다.', 'BBST02', 'BBSA03', 'Y', 'Y', 1, NULL, 'Y', 'TMPLAT_BOARD_DEFAULT', 'SYSTEM', sysdate(), NULL, NULL); 

-- 게시판옵션

INSERT INTO COMTN_BBS_MASTER_OPTN ( BBS_ID, ANSWER_AT, STSFDG_AT, FRST_REGIST_PNTTM, LAST_UPDT_PNTTM, FRST_REGISTER_ID, LAST_UPDUSR_ID ) 
VALUES ('BBSMSTR_000000000011', 'Y', 'N',  sysdate(), NULL, 'SYSTEM', NULL); 
INSERT INTO COMTN_BBS_MASTER_OPTN ( BBS_ID, ANSWER_AT, STSFDG_AT, FRST_REGIST_PNTTM, LAST_UPDT_PNTTM, FRST_REGISTER_ID, LAST_UPDUSR_ID ) 
VALUES ('BBSMSTR_000000000031', 'N', 'Y',  sysdate(), NULL, 'SYSTEM', NULL); 
INSERT INTO COMTN_BBS_MASTER_OPTN ( BBS_ID, ANSWER_AT, STSFDG_AT, FRST_REGIST_PNTTM, LAST_UPDT_PNTTM, FRST_REGISTER_ID, LAST_UPDUSR_ID ) 
VALUES ('BBSMSTR_000000000041', 'N', 'Y',  sysdate(), NULL, 'SYSTEM', NULL); 
INSERT INTO COMTN_BBS_MASTER_OPTN ( BBS_ID, ANSWER_AT, STSFDG_AT, FRST_REGIST_PNTTM, LAST_UPDT_PNTTM, FRST_REGISTER_ID, LAST_UPDUSR_ID )
VALUES ('BBSMSTR_000000000051', 'Y', 'N',  sysdate(), NULL, 'SYSTEM', NULL); 

INSERT INTO COMTN_BBS_MASTER_OPTN ( BBS_ID, ANSWER_AT, STSFDG_AT, FRST_REGIST_PNTTM, LAST_UPDT_PNTTM, FRST_REGISTER_ID, LAST_UPDUSR_ID ) 
VALUES ('BBSMSTR_000000000103', 'N', 'Y',  sysdate(), NULL, 'SYSTEM', NULL); 
INSERT INTO COMTN_BBS_MASTER_OPTN ( BBS_ID, ANSWER_AT, STSFDG_AT, FRST_REGIST_PNTTM, LAST_UPDT_PNTTM, FRST_REGISTER_ID, LAST_UPDUSR_ID ) 
VALUES ('BBSMSTR_000000000104', 'N', 'Y',  sysdate(), NULL, 'SYSTEM', NULL); 
INSERT INTO COMTN_BBS_MASTER_OPTN ( BBS_ID, ANSWER_AT, STSFDG_AT, FRST_REGIST_PNTTM, LAST_UPDT_PNTTM, FRST_REGISTER_ID, LAST_UPDUSR_ID ) 
VALUES ('BBSMSTR_000000000105', 'N', 'Y',  sysdate(), NULL, 'SYSTEM', NULL); 
INSERT INTO COMTN_BBS_MASTER_OPTN ( BBS_ID, ANSWER_AT, STSFDG_AT, FRST_REGIST_PNTTM, LAST_UPDT_PNTTM, FRST_REGISTER_ID, LAST_UPDUSR_ID ) 
VALUES ('BBSMSTR_000000000106', 'Y', 'N',  sysdate(), NULL, 'SYSTEM', NULL); 

--- 게시판사용
INSERT INTO COMTN_BBS_USE ( BBS_ID, TRGET_ID, USE_AT, REGIST_SE_CODE, FRST_REGIST_PNTTM, FRST_REGISTER_ID, LAST_UPDT_PNTTM, LAST_UPDUSR_ID, PUBLIC_AT ) 
VALUES ('BBSMSTR_AAAAAAAAAAAA', 'SYSTEM_DEFAULT_BOARD', 'Y', 'REGC01',  sysdate(), 'SYSTEM', NULL,  NULL, NULL); 
INSERT INTO COMTN_BBS_USE ( BBS_ID, TRGET_ID, USE_AT, REGIST_SE_CODE, FRST_REGIST_PNTTM, FRST_REGISTER_ID, LAST_UPDT_PNTTM, LAST_UPDUSR_ID, PUBLIC_AT ) 
VALUES ('BBSMSTR_BBBBBBBBBBBB', 'SYSTEM_DEFAULT_BOARD', 'Y', 'REGC01',  sysdate(), 'SYSTEM', NULL,  NULL, NULL); 
INSERT INTO COMTN_BBS_USE ( BBS_ID, TRGET_ID, USE_AT, REGIST_SE_CODE, FRST_REGIST_PNTTM, FRST_REGISTER_ID, LAST_UPDT_PNTTM, LAST_UPDUSR_ID, PUBLIC_AT ) 
VALUES ('BBSMSTR_CCCCCCCCCCCC', 'SYSTEM_DEFAULT_BOARD', 'Y', 'REGC01',  sysdate(), 'SYSTEM', NULL,  NULL, NULL); 

INSERT INTO COMTN_BBS_USE ( BBS_ID, TRGET_ID, USE_AT, REGIST_SE_CODE, FRST_REGIST_PNTTM, FRST_REGISTER_ID, LAST_UPDT_PNTTM, LAST_UPDUSR_ID, PUBLIC_AT ) 
VALUES ('BBSMSTR_000000000001', 'SYSTEM_DEFAULT_BOARD', 'Y', 'REGC01',  sysdate(), 'SYSTEM', NULL, NULL, NULL); 
INSERT INTO COMTN_BBS_USE ( BBS_ID, TRGET_ID, USE_AT, REGIST_SE_CODE, FRST_REGIST_PNTTM, FRST_REGISTER_ID, LAST_UPDT_PNTTM, LAST_UPDUSR_ID, PUBLIC_AT ) 
VALUES ('BBSMSTR_000000000011', 'SYSTEM_DEFAULT_BOARD', 'Y', 'REGC01',  sysdate(), 'SYSTEM', NULL, NULL, NULL); 
INSERT INTO COMTN_BBS_USE ( BBS_ID, TRGET_ID, USE_AT, REGIST_SE_CODE, FRST_REGIST_PNTTM, FRST_REGISTER_ID, LAST_UPDT_PNTTM, LAST_UPDUSR_ID, PUBLIC_AT ) 
VALUES ('BBSMSTR_000000000021', 'SYSTEM_DEFAULT_BOARD', 'Y', 'REGC01',  sysdate(), 'SYSTEM', NULL, NULL, NULL); 
INSERT INTO COMTN_BBS_USE ( BBS_ID, TRGET_ID, USE_AT, REGIST_SE_CODE, FRST_REGIST_PNTTM, FRST_REGISTER_ID, LAST_UPDT_PNTTM, LAST_UPDUSR_ID, PUBLIC_AT ) 
VALUES ('BBSMSTR_000000000031', 'SYSTEM_DEFAULT_BOARD', 'Y', 'REGC01',  sysdate(), 'SYSTEM', NULL, NULL, NULL); 
INSERT INTO COMTN_BBS_USE ( BBS_ID, TRGET_ID, USE_AT, REGIST_SE_CODE, FRST_REGIST_PNTTM, FRST_REGISTER_ID, LAST_UPDT_PNTTM, LAST_UPDUSR_ID, PUBLIC_AT ) 
VALUES ('BBSMSTR_000000000041', 'SYSTEM_DEFAULT_BOARD', 'Y', 'REGC01',  sysdate(), 'SYSTEM', NULL, NULL, NULL); 
INSERT INTO COMTN_BBS_USE ( BBS_ID, TRGET_ID, USE_AT, REGIST_SE_CODE, FRST_REGIST_PNTTM, FRST_REGISTER_ID, LAST_UPDT_PNTTM, LAST_UPDUSR_ID, PUBLIC_AT ) 
VALUES ('BBSMSTR_000000000051', 'SYSTEM_DEFAULT_BOARD', 'Y', 'REGC01',  sysdate(), 'SYSTEM', NULL, NULL, NULL); 

INSERT INTO COMTN_BBS_USE ( BBS_ID, TRGET_ID, USE_AT, REGIST_SE_CODE, FRST_REGIST_PNTTM, FRST_REGISTER_ID, LAST_UPDT_PNTTM, LAST_UPDUSR_ID, PUBLIC_AT ) 
VALUES ('BBSMSTR_000000000101', 'CMMNTY_0000000000001', 'Y', 'REGC06',  sysdate(), 'SYSTEM', NULL, NULL, 'Y'); 
INSERT INTO COMTN_BBS_USE ( BBS_ID, TRGET_ID, USE_AT, REGIST_SE_CODE, FRST_REGIST_PNTTM, FRST_REGISTER_ID, LAST_UPDT_PNTTM, LAST_UPDUSR_ID, PUBLIC_AT ) 
VALUES ('BBSMSTR_000000000102', 'CMMNTY_0000000000001', 'Y', 'REGC06',  sysdate(), 'SYSTEM', NULL, NULL, 'Y'); 
INSERT INTO COMTN_BBS_USE ( BBS_ID, TRGET_ID, USE_AT, REGIST_SE_CODE, FRST_REGIST_PNTTM, FRST_REGISTER_ID, LAST_UPDT_PNTTM, LAST_UPDUSR_ID, PUBLIC_AT ) 
VALUES ('BBSMSTR_000000000103', 'CMMNTY_0000000000001', 'Y', 'REGC06',  sysdate(), 'SYSTEM', NULL, NULL, 'Y'); 
INSERT INTO COMTN_BBS_USE ( BBS_ID, TRGET_ID, USE_AT, REGIST_SE_CODE, FRST_REGIST_PNTTM, FRST_REGISTER_ID, LAST_UPDT_PNTTM, LAST_UPDUSR_ID, PUBLIC_AT )
VALUES ('BBSMSTR_000000000104', 'CMMNTY_0000000000001', 'Y', 'REGC06',  sysdate(), 'SYSTEM', NULL, NULL, 'Y'); 
INSERT INTO COMTN_BBS_USE ( BBS_ID, TRGET_ID, USE_AT, REGIST_SE_CODE, FRST_REGIST_PNTTM, FRST_REGISTER_ID, LAST_UPDT_PNTTM, LAST_UPDUSR_ID, PUBLIC_AT ) 
VALUES ('BBSMSTR_000000000105', 'CMMNTY_0000000000001', 'Y', 'REGC06',  sysdate(), 'SYSTEM', NULL, NULL, 'Y'); 
INSERT INTO COMTN_BBS_USE ( BBS_ID, TRGET_ID, USE_AT, REGIST_SE_CODE, FRST_REGIST_PNTTM, FRST_REGISTER_ID, LAST_UPDT_PNTTM, LAST_UPDUSR_ID, PUBLIC_AT ) 
VALUES ('BBSMSTR_000000000106', 'CMMNTY_0000000000001', 'Y', 'REGC06',  sysdate(), 'SYSTEM', NULL, NULL, 'Y'); 

UPDATE COMTE_COPSEQ SET NEXT_ID=111 WHERE TABLE_NAME='BBS_ID';

-- 게시판
INSERT INTO COMTN_BBS ( NTT_ID, BBS_ID, THREAD_NO, NTT_SJ, NTT_CN, ANSWER_AT, PARNTS_NTT_ID, THREAD_DEPTH, THREAD_GROUP_NO, RDCNT, USE_AT, NTCE_BGNDE, NTCE_ENDDE, NTCR_ID, NTCR_NM, PASSWORD, ATCH_FILE_ID, FRST_REGIST_PNTTM, FRST_REGISTER_ID, LAST_UPDT_PNTTM, LAST_UPDUSR_ID ) 
VALUES (1, 'BBSMSTR_AAAAAAAAAAAA', 1, '홈페이지 샘플공지1', '홈페이지 샘플공지1', 'N', 0, 0, 2, 14, 'Y', '10000101', '99991231', NULL, NULL, NULL, NULL,  sysdate(), 'USRCNFRM_00000000000', NULL, NULL); 
INSERT INTO COMTN_BBS ( NTT_ID, BBS_ID, THREAD_NO, NTT_SJ, NTT_CN, ANSWER_AT, PARNTS_NTT_ID, THREAD_DEPTH, THREAD_GROUP_NO, RDCNT, USE_AT, NTCE_BGNDE, NTCE_ENDDE, NTCR_ID, NTCR_NM, PASSWORD, ATCH_FILE_ID, FRST_REGIST_PNTTM, FRST_REGISTER_ID, LAST_UPDT_PNTTM, LAST_UPDUSR_ID ) 
VALUES (2, 'BBSMSTR_AAAAAAAAAAAA', 1, '홈페이지 샘플공지2', '홈페이지 샘플공지2', 'N', 0, 0, 2, 7, 'Y', '10000101', '99991231', NULL, NULL, NULL, NULL,  sysdate(),  'USRCNFRM_00000000000', NULL, NULL); 
INSERT INTO COMTN_BBS ( NTT_ID, BBS_ID, THREAD_NO, NTT_SJ, NTT_CN, ANSWER_AT, PARNTS_NTT_ID, THREAD_DEPTH, THREAD_GROUP_NO, RDCNT, USE_AT, NTCE_BGNDE, NTCE_ENDDE, NTCR_ID, NTCR_NM, PASSWORD, ATCH_FILE_ID, FRST_REGIST_PNTTM, FRST_REGISTER_ID, LAST_UPDT_PNTTM, LAST_UPDUSR_ID ) 
VALUES (3, 'BBSMSTR_AAAAAAAAAAAA', 1, '홈페이지 샘플공지3', '홈페이지 샘플공지3', 'N', 0, 0, 2, 10, 'Y', '10000101', '99991231', NULL, NULL, NULL, NULL,  sysdate(), 'USRCNFRM_00000000000', NULL, NULL); 
INSERT INTO COMTN_BBS ( NTT_ID, BBS_ID, THREAD_NO, NTT_SJ, NTT_CN, ANSWER_AT, PARNTS_NTT_ID, THREAD_DEPTH, THREAD_GROUP_NO, RDCNT, USE_AT, NTCE_BGNDE, NTCE_ENDDE, NTCR_ID, NTCR_NM, PASSWORD, ATCH_FILE_ID, FRST_REGIST_PNTTM, FRST_REGISTER_ID, LAST_UPDT_PNTTM, LAST_UPDUSR_ID ) 
VALUES (4, 'BBSMSTR_AAAAAAAAAAAA', 1, '홈페이지 샘플공지4', '홈페이지 샘플공지4', 'N', 0, 0, 2, 22, 'Y', '10000101', '99991231', NULL, NULL, NULL, NULL,  sysdate(), 'USRCNFRM_00000000000', NULL, NULL); 
INSERT INTO COMTN_BBS ( NTT_ID, BBS_ID, THREAD_NO, NTT_SJ, NTT_CN, ANSWER_AT, PARNTS_NTT_ID, THREAD_DEPTH, THREAD_GROUP_NO, RDCNT, USE_AT, NTCE_BGNDE, NTCE_ENDDE, NTCR_ID, NTCR_NM, PASSWORD, ATCH_FILE_ID, FRST_REGIST_PNTTM, FRST_REGISTER_ID, LAST_UPDT_PNTTM, LAST_UPDUSR_ID ) 
VALUES (5, 'BBSMSTR_AAAAAAAAAAAA', 1, '홈페이지 공지사항5', '홈페이지 샘플공지5', 'N', 0, 0, 2, 143, 'Y', '10000101', '99991231', NULL, NULL, NULL, NULL,  sysdate(), 'USRCNFRM_00000000000',  NULL, NULL); 
INSERT INTO COMTN_BBS ( NTT_ID, BBS_ID, THREAD_NO, NTT_SJ, NTT_CN, ANSWER_AT, PARNTS_NTT_ID, THREAD_DEPTH, THREAD_GROUP_NO, RDCNT, USE_AT, NTCE_BGNDE, NTCE_ENDDE, NTCR_ID, NTCR_NM, PASSWORD, ATCH_FILE_ID, FRST_REGIST_PNTTM, FRST_REGISTER_ID, LAST_UPDT_PNTTM, LAST_UPDUSR_ID ) 
VALUES (6, 'BBSMSTR_BBBBBBBBBBBB', 1, '홈페이지 샘플게시1', '홈페이지 샘플게시1', 'N', 0, 0, 2, 6, 'Y', '10000101', '99991231', NULL, NULL, NULL, NULL,  sysdate(), 'USRCNFRM_00000000000', NULL, NULL); 
INSERT INTO COMTN_BBS ( NTT_ID, BBS_ID, THREAD_NO, NTT_SJ, NTT_CN, ANSWER_AT, PARNTS_NTT_ID, THREAD_DEPTH, THREAD_GROUP_NO, RDCNT, USE_AT, NTCE_BGNDE, NTCE_ENDDE, NTCR_ID, NTCR_NM, PASSWORD, ATCH_FILE_ID, FRST_REGIST_PNTTM, FRST_REGISTER_ID, LAST_UPDT_PNTTM, LAST_UPDUSR_ID ) 
VALUES (7, 'BBSMSTR_BBBBBBBBBBBB', 1, '홈페이지 샘플게시2', '홈페이지 샘플게시2', 'N', 0, 0, 2, 6, 'Y', '10000101', '99991231', NULL, NULL, NULL, NULL,  sysdate(), 'USRCNFRM_00000000000', NULL, NULL); 
INSERT INTO COMTN_BBS ( NTT_ID, BBS_ID, THREAD_NO, NTT_SJ, NTT_CN, ANSWER_AT, PARNTS_NTT_ID, THREAD_DEPTH, THREAD_GROUP_NO, RDCNT, USE_AT, NTCE_BGNDE, NTCE_ENDDE, NTCR_ID, NTCR_NM, PASSWORD, ATCH_FILE_ID, FRST_REGIST_PNTTM, FRST_REGISTER_ID, LAST_UPDT_PNTTM, LAST_UPDUSR_ID ) 
VALUES (8, 'BBSMSTR_BBBBBBBBBBBB', 1, '홈페이지 샘플게시3', '홈페이지 샘플게시3', 'N', 0, 0, 2, 11, 'Y', '10000101', '99991231', NULL, NULL, NULL, NULL,  sysdate(), 'USRCNFRM_00000000000', NULL, NULL); 
INSERT INTO COMTN_BBS ( NTT_ID, BBS_ID, THREAD_NO, NTT_SJ, NTT_CN, ANSWER_AT, PARNTS_NTT_ID, THREAD_DEPTH, THREAD_GROUP_NO, RDCNT, USE_AT, NTCE_BGNDE, NTCE_ENDDE, NTCR_ID, NTCR_NM, PASSWORD, ATCH_FILE_ID, FRST_REGIST_PNTTM, FRST_REGISTER_ID, LAST_UPDT_PNTTM, LAST_UPDUSR_ID ) 
VALUES (9, 'BBSMSTR_BBBBBBBBBBBB', 1, '홈페이지 샘플게시4', '홈페이지 샘플게시4', 'N', 0, 0, 2, 13, 'Y', '10000101', '99991231', NULL, NULL, NULL, NULL,  sysdate(), 'USRCNFRM_00000000000', NULL, NULL); 
INSERT INTO COMTN_BBS ( NTT_ID, BBS_ID, THREAD_NO, NTT_SJ, NTT_CN, ANSWER_AT, PARNTS_NTT_ID, THREAD_DEPTH, THREAD_GROUP_NO, RDCNT, USE_AT, NTCE_BGNDE, NTCE_ENDDE, NTCR_ID, NTCR_NM, PASSWORD, ATCH_FILE_ID, FRST_REGIST_PNTTM, FRST_REGISTER_ID, LAST_UPDT_PNTTM, LAST_UPDUSR_ID ) 
VALUES (10, 'BBSMSTR_BBBBBBBBBBBB', 1, '홈페이지 갤러리 예제5', '홈페이지 샘플게시5', 'N', 0, 0, 2, 50, 'Y', '10000101', '99991231', NULL, NULL, NULL, NULL,  sysdate(), 'USRCNFRM_00000000000',  NULL, NULL); 

UPDATE COMTE_COPSEQ SET NEXT_ID=11 WHERE TABLE_NAME='NTT_ID';

-- 커뮤니티
INSERT INTO COMTN_CMMNTY ( CMMNTY_ID, CMMNTY_NM, CMMNTY_INTRCN, USE_AT, REGIST_SE_CODE, TMPLAT_ID, FRST_REGIST_PNTTM, FRST_REGISTER_ID, LAST_UPDT_PNTTM, LAST_UPDUSR_ID, MEMBER_AT, HOME_URL, CMMNTY_LOGO_IMAGE, ADDITIONAL_INFO ) 
VALUES ('CMMNTY_0000000000001', '오픈소스모임', '오픈소스를 사용하는 모임입니다.', 'Y', 'REGC02', 'TMPLAT_CMNTY_DEFAULT',  sysdate(), 'SYSTEM',  NULL, NULL, 'N', '/apps/opensource', NULL, NULL); 

UPDATE COMTE_COPSEQ SET NEXT_ID=11 WHERE TABLE_NAME='CMMNTY_ID';

INSERT INTO COMTN_CMMNTY_USER ( CMMNTY_ID, EMPLYR_ID, MNGR_AT, SBSCRB_DE, SECSN_DE, USE_AT, FRST_REGIST_PNTTM, FRST_REGISTER_ID, LAST_UPDT_PNTTM, LAST_UPDUSR_ID ) 
VALUES ('CMMNTY_0000000000001', 'USRCNFRM_00000000000', 'N',  sysdate(), NULL, 'Y',  sysdate(), 'SYSTEM',  NULL, NULL); 


INSERT INTO COMTN_CMMNTY_MENU ( TRGET_ID, MENU_NO, MENU_NM, PROGRM_FILE_NM, MENU_DC, USE_AT, MGR_AT, DIRECT_URL, TOPMENU_AT, MENU_ALIAS ) 
VALUES ('CMMNTY_0000000000001', 100000, '게시판', NULL, NULL, 'Y', 'N', '/cop/cmy/CmmntyMainContents.do', 'Y', '100000'); 
INSERT INTO COMTN_CMMNTY_MENU ( TRGET_ID, MENU_NO, MENU_NM, PROGRM_FILE_NM, MENU_DC, USE_AT, MGR_AT, DIRECT_URL, TOPMENU_AT, MENU_ALIAS ) 
VALUES ('CMMNTY_0000000000001', 100010, '공지게시판', NULL, '공지게시판', 'Y', 'N', '/content/board/102/articles', 'N', 'notice'); 
INSERT INTO COMTN_CMMNTY_MENU ( TRGET_ID, MENU_NO, MENU_NM, PROGRM_FILE_NM, MENU_DC, USE_AT, MGR_AT, DIRECT_URL, TOPMENU_AT, MENU_ALIAS ) 
VALUES ('CMMNTY_0000000000001', 100020, '갤러리', NULL, '갤러리 게시판', 'Y', 'N', '/content/board/103/articles', 'N', 'gallery'); 
INSERT INTO COMTN_CMMNTY_MENU ( TRGET_ID, MENU_NO, MENU_NM, PROGRM_FILE_NM, MENU_DC, USE_AT, MGR_AT, DIRECT_URL, TOPMENU_AT, MENU_ALIAS ) 
VALUES ('CMMNTY_0000000000001', 100030, '자유게시판', NULL, '자유게시판', 'Y', 'N', '/content/board/104/articles', 'N', 'freeboard'); 
INSERT INTO COMTN_CMMNTY_MENU ( TRGET_ID, MENU_NO, MENU_NM, PROGRM_FILE_NM, MENU_DC, USE_AT, MGR_AT, DIRECT_URL, TOPMENU_AT, MENU_ALIAS ) 
VALUES ('CMMNTY_0000000000001', 100040, '자료실', NULL, '자료실 게시판', 'Y', 'N', '/content/board/105/articles', 'N', 'dataroom'); 
INSERT INTO COMTN_CMMNTY_MENU ( TRGET_ID, MENU_NO, MENU_NM, PROGRM_FILE_NM, MENU_DC, USE_AT, MGR_AT, DIRECT_URL, TOPMENU_AT, MENU_ALIAS ) 
VALUES ('CMMNTY_0000000000001', 100050, '익명게시판', NULL, '익명 게시판', 'Y', 'N', '/content/board/anonymous/106/articles', 'N', 'anonymous'); 
INSERT INTO COMTN_CMMNTY_MENU ( TRGET_ID, MENU_NO, MENU_NM, PROGRM_FILE_NM, MENU_DC, USE_AT, MGR_AT, DIRECT_URL, TOPMENU_AT, MENU_ALIAS ) 
VALUES ('CMMNTY_0000000000001', 100060, '버그게시판(익명)', NULL, '버그 및 이슈 게시판', 'Y', 'N', '/content/board/anonymous/51/articles', 'N', 'bugissue'); 

INSERT INTO COMTN_CMMNTY_MENU ( TRGET_ID, MENU_NO, MENU_NM, PROGRM_FILE_NM, MENU_DC, USE_AT, MGR_AT, DIRECT_URL, TOPMENU_AT, MENU_ALIAS ) 
VALUES ('CMMNTY_0000000000001', 300000, '정보공유', 'NewsManage', NULL, 'Y', 'N', NULL, 'Y', '300000'); 
INSERT INTO COMTN_CMMNTY_MENU ( TRGET_ID, MENU_NO, MENU_NM, PROGRM_FILE_NM, MENU_DC, USE_AT, MGR_AT, DIRECT_URL, TOPMENU_AT, MENU_ALIAS ) 
VALUES ('CMMNTY_0000000000001', 300010, 'FAQ', 'FaqManage', NULL, 'Y', 'N', NULL, 'N', 'faq'); 
INSERT INTO COMTN_CMMNTY_MENU ( TRGET_ID, MENU_NO, MENU_NM, PROGRM_FILE_NM, MENU_DC, USE_AT, MGR_AT, DIRECT_URL, TOPMENU_AT, MENU_ALIAS )
VALUES ('CMMNTY_0000000000001', 300020, 'QnA', 'QnaManage', NULL, 'Y', 'N', NULL, 'N', 'qna'); 
INSERT INTO COMTN_CMMNTY_MENU ( TRGET_ID, MENU_NO, MENU_NM, PROGRM_FILE_NM, MENU_DC, USE_AT, MGR_AT, DIRECT_URL, TOPMENU_AT, MENU_ALIAS ) 
VALUES ('CMMNTY_0000000000001', 300030, '추천사이트', 'RecomendSiteManage', NULL, 'Y', 'N', NULL, 'N', 'recommend'); 
INSERT INTO COMTN_CMMNTY_MENU ( TRGET_ID, MENU_NO, MENU_NM, PROGRM_FILE_NM, MENU_DC, USE_AT, MGR_AT, DIRECT_URL, TOPMENU_AT, MENU_ALIAS ) 
VALUES ('CMMNTY_0000000000001', 300040, '공통코드', 'CmmnDetailCodeManage', '공통코드관리', 'Y', 'N', NULL, 'N', 'codedetail'); 

INSERT INTO COMTN_CMMNTY_MENU ( TRGET_ID, MENU_NO, MENU_NM, PROGRM_FILE_NM, MENU_DC, USE_AT, MGR_AT, DIRECT_URL, TOPMENU_AT, MENU_ALIAS ) 
VALUES ('CMMNTY_0000000000001', 400000, '협업', 'SchdulManage', NULL, 'Y', 'N', NULL, 'Y', '400000'); 
INSERT INTO COMTN_CMMNTY_MENU ( TRGET_ID, MENU_NO, MENU_NM, PROGRM_FILE_NM, MENU_DC, USE_AT, MGR_AT, DIRECT_URL, TOPMENU_AT, MENU_ALIAS ) 
VALUES ('CMMNTY_0000000000001', 400010, '일정관리', 'SchdulManage', NULL, 'Y', 'N', NULL, 'N', 'schedule'); 
INSERT INTO COMTN_CMMNTY_MENU ( TRGET_ID, MENU_NO, MENU_NM, PROGRM_FILE_NM, MENU_DC, USE_AT, MGR_AT, DIRECT_URL, TOPMENU_AT, MENU_ALIAS ) 
VALUES ('CMMNTY_0000000000001', 400030, '설문참여', 'QustnrRespondInfoManage', NULL, 'Y', 'N', NULL, 'N', 'question'); 
INSERT INTO COMTN_CMMNTY_MENU ( TRGET_ID, MENU_NO, MENU_NM, PROGRM_FILE_NM, MENU_DC, USE_AT, MGR_AT, DIRECT_URL, TOPMENU_AT, MENU_ALIAS ) 
VALUES ('CMMNTY_0000000000001', 400040, '온라인Poll참여', 'OnlinePollPartcptn', NULL, 'Y', 'N', NULL, 'N', 'poll'); 

INSERT INTO COMTN_CMMNTY_MENU ( TRGET_ID, MENU_NO, MENU_NM, PROGRM_FILE_NM, MENU_DC, USE_AT, MGR_AT, DIRECT_URL, TOPMENU_AT, MENU_ALIAS ) 
VALUES ('CMMNTY_0000000000001', 600000, '개인', NULL, '/uss/mpe/detailIndvdlpge.do', 'Y', 'N', '/uss/mpe/detailIndvdlpge.do', 'Y', '600000'); 
INSERT INTO COMTN_CMMNTY_MENU ( TRGET_ID, MENU_NO, MENU_NM, PROGRM_FILE_NM, MENU_DC, USE_AT, MGR_AT, DIRECT_URL, TOPMENU_AT, MENU_ALIAS ) 
VALUES ('CMMNTY_0000000000001', 600010, '일지관리', 'DiaryManage', NULL, 'Y', 'N', NULL, 'N', 'diary'); 
INSERT INTO COMTN_CMMNTY_MENU ( TRGET_ID, MENU_NO, MENU_NM, PROGRM_FILE_NM, MENU_DC, USE_AT, MGR_AT, DIRECT_URL, TOPMENU_AT, MENU_ALIAS ) 
VALUES ('CMMNTY_0000000000001', 600020, '명함관리', 'MyNcrdManage', NULL, 'Y', 'Y', NULL, 'N', 'namecard'); 
INSERT INTO COMTN_CMMNTY_MENU ( TRGET_ID, MENU_NO, MENU_NM, PROGRM_FILE_NM, MENU_DC, USE_AT, MGR_AT, DIRECT_URL, TOPMENU_AT, MENU_ALIAS ) 
VALUES ('CMMNTY_0000000000001', 600030, '공개명함목록', 'NcrdManage', NULL, 'Y', 'N', NULL, 'N', 'publicname'); 
INSERT INTO COMTN_CMMNTY_MENU ( TRGET_ID, MENU_NO, MENU_NM, PROGRM_FILE_NM, MENU_DC, USE_AT, MGR_AT, DIRECT_URL, TOPMENU_AT, MENU_ALIAS ) 
VALUES ('CMMNTY_0000000000001', 600040, '주소록관리', 'AdbManage', '주소록관리', 'Y', 'N', NULL, 'N', 'addressBook'); 
INSERT INTO COMTN_CMMNTY_MENU ( TRGET_ID, MENU_NO, MENU_NM, PROGRM_FILE_NM, MENU_DC, USE_AT, MGR_AT, DIRECT_URL, TOPMENU_AT, MENU_ALIAS ) 
VALUES ('CMMNTY_0000000000001', 600050, '스크랩관리', 'ScrapManage', NULL, 'Y', 'N', NULL, 'N', 'scrap'); 
INSERT INTO COMTN_CMMNTY_MENU ( TRGET_ID, MENU_NO, MENU_NM, PROGRM_FILE_NM, MENU_DC, USE_AT, MGR_AT, DIRECT_URL, TOPMENU_AT, MENU_ALIAS ) 
VALUES ('CMMNTY_0000000000001', 600060, '메모할일관리', 'MemoTodoManage', '메모 할일 관리', 'Y', 'N', NULL, 'N', 'memotodo'); 

INSERT INTO COMTN_CMMNTY_MENU ( TRGET_ID, MENU_NO, MENU_NM, PROGRM_FILE_NM, MENU_DC, USE_AT, MGR_AT, DIRECT_URL, TOPMENU_AT, MENU_ALIAS )
VALUES ('CMMNTY_0000000000001', 800000, '업무', 'SchdulManage', NULL, 'Y', 'Y', NULL, 'Y', '800000'); 
INSERT INTO COMTN_CMMNTY_MENU ( TRGET_ID, MENU_NO, MENU_NM, PROGRM_FILE_NM, MENU_DC, USE_AT, MGR_AT, DIRECT_URL, TOPMENU_AT, MENU_ALIAS ) 
VALUES ('CMMNTY_0000000000001', 800010, '설문관리', 'QustnrManage', NULL, 'Y', 'N', NULL, 'N', '800010'); 
INSERT INTO COMTN_CMMNTY_MENU ( TRGET_ID, MENU_NO, MENU_NM, PROGRM_FILE_NM, MENU_DC, USE_AT, MGR_AT, DIRECT_URL, TOPMENU_AT, MENU_ALIAS ) 
VALUES ('CMMNTY_0000000000001', 800020, '온라인Poll관리', 'OnlinePollManage', NULL, 'Y', 'N', NULL, 'N', '800020'); 
INSERT INTO COMTN_CMMNTY_MENU ( TRGET_ID, MENU_NO, MENU_NM, PROGRM_FILE_NM, MENU_DC, USE_AT, MGR_AT, DIRECT_URL, TOPMENU_AT, MENU_ALIAS ) 
VALUES ('CMMNTY_0000000000001', 800030, 'QnA답변', 'QnaAnswerManage', NULL, 'Y', 'N', NULL, 'N', '800030'); 
INSERT INTO COMTN_CMMNTY_MENU ( TRGET_ID, MENU_NO, MENU_NM, PROGRM_FILE_NM, MENU_DC, USE_AT, MGR_AT, DIRECT_URL, TOPMENU_AT, MENU_ALIAS ) 
VALUES ('CMMNTY_0000000000001', 800040, '상담답변', 'CnsltAnswerManage', NULL, 'Y', 'N', NULL, 'N', '800040'); 

INSERT INTO COMTN_CMMNTY_MENU ( TRGET_ID, MENU_NO, MENU_NM, PROGRM_FILE_NM, MENU_DC, USE_AT, MGR_AT, DIRECT_URL, TOPMENU_AT, MENU_ALIAS ) 
VALUES ('CMMNTY_0000000000001', 900000, '관리자메뉴', NULL, '/cop/cmy/detailCommunity.do', 'Y', 'Y', '/cop/cmy/detailCommunity.do', 'Y', '900000'); 
INSERT INTO COMTN_CMMNTY_MENU ( TRGET_ID, MENU_NO, MENU_NM, PROGRM_FILE_NM, MENU_DC, USE_AT, MGR_AT, DIRECT_URL, TOPMENU_AT, MENU_ALIAS ) 
VALUES ('CMMNTY_0000000000001', 900010, '게시판관리', 'BdMstrListByTrget', NULL, 'Y', 'Y', NULL, 'N', '900010'); 
INSERT INTO COMTN_CMMNTY_MENU ( TRGET_ID, MENU_NO, MENU_NM, PROGRM_FILE_NM, MENU_DC, USE_AT, MGR_AT, DIRECT_URL, TOPMENU_AT, MENU_ALIAS ) 
VALUES ('CMMNTY_0000000000001', 900020, '사용자관리', 'CmmntyUserManage', NULL, 'Y', 'Y', NULL, 'N', '900020'); 
INSERT INTO COMTN_CMMNTY_MENU ( TRGET_ID, MENU_NO, MENU_NM, PROGRM_FILE_NM, MENU_DC, USE_AT, MGR_AT, DIRECT_URL, TOPMENU_AT, MENU_ALIAS ) 
VALUES ('CMMNTY_0000000000001', 900030, '승인관리', 'ConfirmManage', NULL, 'N', 'Y', NULL, 'N', '900030'); 

COMMIT;